id,eventType,teamId,playerId,playerName,x,y,min,minAdded,isBlocked,isOnTarget,blockedX,blockedY,goalCrossedY,goalCrossedZ,expectedGoals,expectedGoalsOnTarget,shotType,situation,period,isOwnGoal,onGoalShot,isSavedOffLine,isFromInsideBox,keeperId,firstName,lastName,fullName,teamColor,match_id,match_date,league_name,home_team,away_team,league_season,home_goals,away_goals,score,source_file
2755403293,AttemptSaved,8633,701154,Kylian Mbappé,92.5,39.713095239,59,,0,1,103.103448276,35.6775,35.220000000000006,0.6934736808,0.1484171152114868,0.1198558583855629,RightFoot,RegularPlay,SecondHalf,0,"{'x': 0.6772486772486757, 'y': 0.18345864571428572, 'zoomRatio': 1}",0,1,1280020.0,Kylian,Mbappé,Kylian Mbappé,#085098,4506935,2024-12-04 20:00:00+00:00,LaLiga,Athletic Club,Real Madrid,2024/2025,2,1,2 - 1,25_J19_shotsMbappeAthleticMadrid.csv
2755411625,AttemptSaved,8633,701154,Kylian Mbappé,94.0,34.0,68,,0,1,104.1465517242,34.0,32.474999999999994,0.9374736796,0.7884,0.6142757534980774,RightFoot,Penalty,SecondHalf,0,"{'x': 1.4034391534391548, 'y': 0.24800890994708993, 'zoomRatio': 1}",0,1,1280020.0,Kylian,Mbappé,Kylian Mbappé,#085098,4506935,2024-12-04 20:00:00+00:00,LaLiga,Athletic Club,Real Madrid,2024/2025,2,1,2 - 1,25_J19_shotsMbappeAthleticMadrid.csv
2755419233,AttemptSaved,8633,701154,Kylian Mbappé,82.1470873792,51.1472611451,78,,0,1,104.051724138,35.525000000000006,32.70374999999999,1.0979999946,0.023757629096508,0.0444516725838184,RightFoot,RegularPlay,SecondHalf,0,"{'x': 1.3429232804232825, 'y': 0.29047618904761907, 'zoomRatio': 1}",0,0,1280020.0,Kylian,Mbappé,Kylian Mbappé,#085098,4506935,2024-12-04 20:00:00+00:00,LaLiga,Athletic Club,Real Madrid,2024/2025,2,1,2 - 1,25_J19_shotsMbappeAthleticMadrid.csv
2721909419,AttemptSaved,8633,701154,Kylian Mbappé,90.6,48.7650955389,13,,0,1,102.8189655174,36.36375,34.838750000000005,0.0834736838,0.0187703501433134,0.0257542412728071,RightFoot,RegularPlay,FirstHalf,0,"{'x': 0.7781084656084645, 'y': 0.02208298513227513, 'zoomRatio': 1}",0,1,,Kylian,Mbappé,Kylian Mbappé,#085098,4621548,2024-09-17 19:00:00+00:00,Champions League,Real Madrid,VfB Stuttgart,2024/2025,3,1,3 - 1,06_ChampJ1_shotsMbappeMadridStuttgart.csv
2721919577,Miss,8633,701154,Kylian Mbappé,95.640350876,42.2928125,23,,0,0,,,39.62904762,5.9142069072,0.1263374239206314,0.0,RightFoot,RegularPlay,FirstHalf,0,"{'x': 0.35540553202936975, 'y': 0.6772486772486772, 'zoomRatio': 0.4328560092957581}",0,1,,Kylian,Mbappé,Kylian Mbappé,#085098,4621548,2024-09-17 19:00:00+00:00,Champions League,Real Madrid,VfB Stuttgart,2024/2025,3,1,3 - 1,06_ChampJ1_shotsMbappeMadridStuttgart.csv
2721921723,AttemptSaved,8633,701154,Kylian Mbappé,93.4,47.3638216529,25,,0,1,102.4396551726,37.672,32.85625,0.5714736814000001,0.0235645398497581,0.0692755132913589,RightFoot,RegularPlay,FirstHalf,0,"{'x': 1.3025793650793662, 'y': 0.15118351359788362, 'zoomRatio': 1}",0,1,,Kylian,Mbappé,Kylian Mbappé,#085098,4621548,2024-09-17 19:00:00+00:00,Champions League,Real Madrid,VfB Stuttgart,2024/2025,3,1,3 - 1,06_ChampJ1_shotsMbappeMadridStuttgart.csv
2721928677,AttemptSaved,8633,701154,Kylian Mbappé,91.7,39.96523809599999,32,,1,1,95.2543859636,38.032142859,33.77125,1.219999994,0.0850204527378082,0.0,RightFoot,RegularPlay,FirstHalf,0,"{'x': 1.0605158730158726, 'y': 0.32275132116402117, 'zoomRatio': 1}",0,1,,Kylian,Mbappé,Kylian Mbappé,#085098,4621548,2024-09-17 19:00:00+00:00,Champions League,Real Madrid,VfB Stuttgart,2024/2025,3,1,3 - 1,06_ChampJ1_shotsMbappeMadridStuttgart.csv
2721953293,Goal,8633,701154,Kylian Mbappé,99.2105263157,36.745000000000005,46,,0,1,,,34.07625,1.219999994,0.8737501502037048,0.9900508522987366,RightFoot,RegularPlay,SecondHalf,0,"{'x': 0.9798280423280419, 'y': 0.32275132116402117, 'zoomRatio': 1}",0,1,,Kylian,Mbappé,Kylian Mbappé,#085098,4621548,2024-09-17 19:00:00+00:00,Champions League,Real Madrid,VfB Stuttgart,2024/2025,3,1,3 - 1,06_ChampJ1_shotsMbappeMadridStuttgart.csv
2721954597,AttemptSaved,8633,701154,Kylian Mbappé,94.0964912264,47.3638216529,48,,0,1,103.8620689656,37.05,36.745000000000005,0.160526315,0.0900150388479232,0.1303371340036392,RightFoot,RegularPlay,SecondHalf,0,"{'x': 0.2738095238095226, 'y': 0.042467279100529096, 'zoomRatio': 1}",0,1,,Kylian,Mbappé,Kylian Mbappé,#085098,4621548,2024-09-17 19:00:00+00:00,Champions League,Real Madrid,VfB Stuttgart,2024/2025,3,1,3 - 1,06_ChampJ1_shotsMbappeMadridStuttgart.csv
2721979653,AttemptSaved,8633,701154,Kylian Mbappé,91.8,37.431250000000006,90,4.0,1,1,94.0,36.745000000000005,33.2375,1.219999994,0.0779690146446228,0.0,RightFoot,RegularPlay,SecondHalf,0,"{'x': 1.2017195767195774, 'y': 0.32275132116402117, 'zoomRatio': 1}",0,1,,Kylian,Mbappé,Kylian Mbappé,#085098,4621548,2024-09-17 19:00:00+00:00,Champions League,Real Madrid,VfB Stuttgart,2024/2025,3,1,3 - 1,06_ChampJ1_shotsMbappeMadridStuttgart.csv
2763943457,AttemptSaved,8633,701154,Kylian Mbappé,98.3421052628,46.0326114612,73,,0,1,103.577586207,37.708,34.0,1.0145263108,0.1098547056317329,0.0805262103676796,LeftFoot,RegularPlay,SecondHalf,0,"{'x': 1, 'y': 0.2683932039153439, 'zoomRatio': 1}",0,1,,Kylian,Mbappé,Kylian Mbappé,#085098,4686824,2025-01-06 18:00:00+00:00,Copa del Rey,Deportiva Minera,Real Madrid,2024/2025,0,5,0 - 5,26_CR1_shotsMbappeMineraMadrid.csv
2763945317,Miss,8633,701154,Kylian Mbappé,92.1,38.956666668,90,0.0,0,0,,,30.316,4.7063448344,0.129251554608345,0.0,RightFoot,RegularPlay,SecondHalf,0,"{'x': 1.5301320270345649, 'y': 0.6772486772486772, 'zoomRatio': 0.5439465423970294}",0,1,,Kylian,Mbappé,Kylian Mbappé,#085098,4686824,2025-01-06 18:00:00+00:00,Copa del Rey,Deportiva Minera,Real Madrid,2024/2025,0,5,0 - 5,26_CR1_shotsMbappeMineraMadrid.csv
0,0,0,701154,Kylian Mbappé,0.0,0.0,0,0.0,0,0,0.0,0.0,0.0,0.0,0.0,0.0,0,0,0,0,0,0,0,,Kylian,Mbappé,Kylian Mbappé,#085098,4506819,2024-09-29 19:00:00+00:00,LaLiga,Atletico Madrid,Real Madrid,2024/2025,1,1,1 - 1,09_J8_shotsMbappeAtleticoMadrid.csv
2756578907,AttemptSaved,8633,701154,Kylian Mbappé,88.5,31.7125,35,,0,1,103.9568965518,34.305,36.51625,0.160526315,0.0910901129245758,0.2666879594326019,RightFoot,RegularPlay,FirstHalf,0,"{'x': 0.33432539682539697, 'y': 0.042467279100529096, 'zoomRatio': 1}",0,0,278285.0,Kylian,Mbappé,Kylian Mbappé,#085098,4506908,2024-12-07 20:00:00+00:00,LaLiga,Girona,Real Madrid,2024/2025,0,3,0 - 3,21_J16_shotsMbappeGironaMadrid.csv
2756608871,Goal,8633,701154,Kylian Mbappé,99.3070175438,19.5151592383,62,,0,1,,,37.12625,0.0385263156,0.0637769773602485,0.0981486514210701,RightFoot,RegularPlay,SecondHalf,0,"{'x': 0.1729497354497358, 'y': 0.010192146984126984, 'zoomRatio': 1}",0,1,278285.0,Kylian,Mbappé,Kylian Mbappé,#085098,4506908,2024-12-07 20:00:00+00:00,LaLiga,Girona,Real Madrid,2024/2025,0,3,0 - 3,21_J16_shotsMbappeGironaMadrid.csv
2756616581,AttemptSaved,8633,701154,Kylian Mbappé,90.4,20.0056050984,72,,1,1,92.7,22.1775796217,34.305,1.219999994,0.0310381222516298,0.0,RightFoot,RegularPlay,SecondHalf,0,"{'x': 0.9193121693121694, 'y': 0.32275132116402117, 'zoomRatio': 1}",0,1,,Kylian,Mbappé,Kylian Mbappé,#085098,4506908,2024-12-07 20:00:00+00:00,LaLiga,Girona,Real Madrid,2024/2025,0,3,0 - 3,21_J16_shotsMbappeGironaMadrid.csv
2756617735,AttemptSaved,8633,701154,Kylian Mbappé,96.7982456132,21.687133761599995,74,,0,1,102.629310345,29.043333332,32.85625,0.9374736796,0.1447227299213409,0.1495855450630188,RightFoot,RegularPlay,SecondHalf,0,"{'x': 1.3025793650793662, 'y': 0.24800890994708993, 'zoomRatio': 1}",0,1,278285.0,Kylian,Mbappé,Kylian Mbappé,#085098,4506908,2024-12-07 20:00:00+00:00,LaLiga,Girona,Real Madrid,2024/2025,0,3,0 - 3,21_J16_shotsMbappeGironaMadrid.csv
2757747743,AttemptSaved,8633,701154,Kylian Mbappé,98.4385964909,22.8782165647,2,,0,1,101.5862068968,27.53047619,33.466249999999995,0.8539999958000001,0.2977373600006103,0.1793203502893448,RightFoot,RegularPlay,FirstHalf,0,"{'x': 1.141203703703705, 'y': 0.22592592481481483, 'zoomRatio': 1}",0,1,1013021.0,Kylian,Mbappé,Kylian Mbappé,#085098,4621545,2024-12-10 20:00:00+00:00,Champions League,Atalanta,Real Madrid,2024/2025,2,3,2 - 3,22_ChampsJ6_shotsMbappeAtalantaMadrid.csv
2757757475,Goal,8633,701154,Kylian Mbappé,93.4,30.135952379000003,10,,0,1,,,35.75375,0.160526315,0.5005486607551575,0.7674515247344971,RightFoot,RegularPlay,FirstHalf,0,"{'x': 0.5360449735449745, 'y': 0.042467279100529096, 'zoomRatio': 1}",0,1,1013021.0,Kylian,Mbappé,Kylian Mbappé,#085098,4621545,2024-12-10 20:00:00+00:00,Champions League,Atalanta,Real Madrid,2024/2025,2,3,2 - 3,22_ChampsJ6_shotsMbappeAtalantaMadrid.csv
2757761711,AttemptSaved,8633,701154,Kylian Mbappé,82.93543689360001,30.28,14,,0,1,100.8275862072,32.24625,33.2375,1.4254736772,0.0970335751771926,0.0486893579363822,RightFoot,FastBreak,FirstHalf,0,"{'x': 1.2017195767195774, 'y': 0.3771094384126984, 'zoomRatio': 1}",0,0,1013021.0,Kylian,Mbappé,Kylian Mbappé,#085098,4621545,2024-12-10 20:00:00+00:00,Champions League,Atalanta,Real Madrid,2024/2025,2,3,2 - 3,22_ChampsJ6_shotsMbappeAtalantaMadrid.csv
2713376261,AttemptSaved,8633,701154,Kylian Mbappé,94.7719298231,47.0135031814,9,,0,1,103.1982758622,37.431250000000006,32.474999999999994,0.3659999982,0.0389524213969707,0.1247867420315742,LeftFoot,RegularPlay,FirstHalf,0,"{'x': 1.4034391534391548, 'y': 0.09682539634920634, 'zoomRatio': 1}",0,1,,Kylian,Mbappé,Kylian Mbappé,#085098,4506759,2024-08-25 15:00:00+00:00,LaLiga,Real Madrid,Real Valladolid,2024/2025,3,0,3 - 0,02_J2_shotsMbappeMadridValladolid.csv
2713443949,AttemptSaved,8633,701154,Kylian Mbappé,102.2500000002,40.553571429,58,,0,1,104.1465517242,37.2025,32.3225,1.3805263090000002,0.0935031697154045,0.4197452068328857,Header,FromCorner,SecondHalf,0,"{'x': 1.4437830687830693, 'y': 0.3652186002645503, 'zoomRatio': 1}",0,1,,Kylian,Mbappé,Kylian Mbappé,#085098,4506759,2024-08-25 15:00:00+00:00,LaLiga,Real Madrid,Real Valladolid,2024/2025,3,0,3 - 0,02_J2_shotsMbappeMadridValladolid.csv
2713468365,AttemptSaved,8633,701154,Kylian Mbappé,97.7631578942,37.27875,79,,0,1,102.7241379312,36.05875,34.22875,0.9374736796,0.6299890875816345,0.4286696910858154,LeftFoot,FastBreak,SecondHalf,0,"{'x': 0.9394841269841275, 'y': 0.24800890994708993, 'zoomRatio': 1}",0,1,,Kylian,Mbappé,Kylian Mbappé,#085098,4506759,2024-08-25 15:00:00+00:00,LaLiga,Real Madrid,Real Valladolid,2024/2025,3,0,3 - 0,02_J2_shotsMbappeMadridValladolid.csv
2713475461,Miss,8633,701154,Kylian Mbappé,97.7631578942,44.1408917151,86,,0,0,,,24.6298089222,0.4430526294,0.2246860265731811,0.0,RightFoot,FastBreak,SecondHalf,0,"{'x': 2, 'y': 0.047283201134466414, 'zoomRatio': 0.4034069282701858}",0,1,,Kylian,Mbappé,Kylian Mbappé,#085098,4506759,2024-08-25 15:00:00+00:00,LaLiga,Real Madrid,Real Valladolid,2024/2025,3,0,3 - 0,02_J2_shotsMbappeMadridValladolid.csv
2710765341,Miss,8633,701154,Kylian Mbappé,100.4482758624,39.292857144,25,,0,0,,,38.78857143,0.2696842092,0.1354834735393524,0.0,RightFoot,RegularPlay,FirstHalf,0,"{'x': 0, 'y': 0.05631830142711271, 'zoomRatio': 0.7893794747048395}",0,1,,Kylian,Mbappé,Kylian Mbappé,#085098,4506747,2024-08-18 19:30:00+00:00,LaLiga,Mallorca,Real Madrid,2024/2025,1,1,1 - 1,01_J1_shotsMbappeMallorcaMadrid.csv
2710817143,AttemptSaved,8633,701154,Kylian Mbappé,93.6,48.34471337309999,62,,0,1,103.9568965518,36.05875,36.8975,0.2054736832,0.0204080920666456,0.221227154135704,RightFoot,RegularPlay,SecondHalf,0,"{'x': 0.23346560846560827, 'y': 0.05435811724867726, 'zoomRatio': 1}",0,1,,Kylian,Mbappé,Kylian Mbappé,#085098,4506747,2024-08-18 19:30:00+00:00,LaLiga,Mallorca,Real Madrid,2024/2025,1,1,1 - 1,01_J1_shotsMbappeMallorcaMadrid.csv
2710821621,AttemptSaved,8633,701154,Kylian Mbappé,99.2105263157,45.8924840726,70,,0,1,103.4827586208,38.536428573,35.525000000000006,0.2439999988,0.0927102416753768,0.1414208561182022,LeftFoot,RegularPlay,SecondHalf,0,"{'x': 0.5965608465608451, 'y': 0.06455026423280423, 'zoomRatio': 1}",0,1,,Kylian,Mbappé,Kylian Mbappé,#085098,4506747,2024-08-18 19:30:00+00:00,LaLiga,Mallorca,Real Madrid,2024/2025,1,1,1 - 1,01_J1_shotsMbappeMallorcaMadrid.csv
2710822199,Miss,8633,701154,Kylian Mbappé,91.1,39.545000001,71,,0,0,,,26.858095238000004,6.027172424800001,0.0503864549100399,0.0,RightFoot,FromCorner,SecondHalf,0,"{'x': 1.8025065838830763, 'y': 0.6772486772486772, 'zoomRatio': 0.42474311660080777}",0,1,,Kylian,Mbappé,Kylian Mbappé,#085098,4506747,2024-08-18 19:30:00+00:00,LaLiga,Mallorca,Real Madrid,2024/2025,1,1,1 - 1,01_J1_shotsMbappeMallorcaMadrid.csv
0,0,0,701154,Kylian Mbappé,0.0,0.0,0,0.0,0,0,0.0,0.0,0.0,0.0,0.0,0.0,0,0,0,0,0,0,0,0.0,Kylian,Mbappé,Kylian Mbappé,#085098,4506872,2025-01-03 20:00:00+00:00,LaLiga,Valencia,Real Madrid,2024/2025,1,2,1 - 2,15_J12_shotsMbappeValenciaMadrid.csv
2754186083,Goal,8633,701154,Kylian Mbappé,82.8228155344,45.752356684000006,38,,0,1,,,31.02625,0.2825263144,0.0583782047033309,0.3405236005783081,RightFoot,FastBreak,FirstHalf,0,"{'x': 1.7867063492063497, 'y': 0.07474241121693122, 'zoomRatio': 1}",0,0,581919.0,Kylian,Mbappé,Kylian Mbappé,#085098,4506902,2024-12-01 15:15:00+00:00,LaLiga,Real Madrid,Getafe,2024/2025,2,0,2 - 0,20_J15_shotsMbappeMadridGetafe.csv
2754229531,AttemptSaved,8633,701154,Kylian Mbappé,91.6,42.581875,49,,1,1,93.4,41.7725,35.0675,1.219999994,0.0502327196300029,0.0,RightFoot,RegularPlay,SecondHalf,0,"{'x': 0.7175925925925919, 'y': 0.32275132116402117, 'zoomRatio': 1}",0,1,,Kylian,Mbappé,Kylian Mbappé,#085098,4506902,2024-12-01 15:15:00+00:00,LaLiga,Real Madrid,Getafe,2024/2025,2,0,2 - 0,20_J15_shotsMbappeMadridGetafe.csv
2754257089,Miss,8633,701154,Kylian Mbappé,98.9210526314,26.343125,74,,0,0,,,38.620476192,0.0898947364,0.6186274290084839,0.0,RightFoot,FastBreak,SecondHalf,0,"{'x': 0, 'y': 0.019455729813227015, 'zoomRatio': 0.8180974953501073}",0,1,,Kylian,Mbappé,Kylian Mbappé,#085098,4506902,2024-12-01 15:15:00+00:00,LaLiga,Real Madrid,Getafe,2024/2025,2,0,2 - 0,20_J15_shotsMbappeMadridGetafe.csv
2754259153,AttemptSaved,8633,701154,Kylian Mbappé,93.1,25.649375000000003,77,,0,1,98.1491228066,28.875238094000004,34.99125,0.3274736826,0.3906434178352356,0.333016574382782,RightFoot,RegularPlay,SecondHalf,0,"{'x': 0.73776455026455, 'y': 0.08663324936507935, 'zoomRatio': 1}",0,1,581919.0,Kylian,Mbappé,Kylian Mbappé,#085098,4506902,2024-12-01 15:15:00+00:00,LaLiga,Real Madrid,Getafe,2024/2025,2,0,2 - 0,20_J15_shotsMbappeMadridGetafe.csv
2754277827,Miss,8633,701154,Kylian Mbappé,97.3771929818,37.94809524,90,5.0,0,0,,,28.791190475,0.4430526294,0.2748970091342926,0.0,LeftFoot,RegularPlay,SecondHalf,0,"{'x': 2, 'y': 0.08505832806393514, 'zoomRatio': 0.725693650700349}",0,1,,Kylian,Mbappé,Kylian Mbappé,#085098,4506902,2024-12-01 15:15:00+00:00,LaLiga,Real Madrid,Getafe,2024/2025,2,0,2 - 0,20_J15_shotsMbappeMadridGetafe.csv
2716674681,AttemptSaved,8633,701154,Kylian Mbappé,84.1742718448,49.8861146477,13,,1,1,87.7485294116,47.2236942643,34.99125,1.219999994,0.0191804375499486,0.0,RightFoot,RegularPlay,FirstHalf,0,"{'x': 0.73776455026455, 'y': 0.32275132116402117, 'zoomRatio': 1}",0,0,,Kylian,Mbappé,Kylian Mbappé,#085098,4506783,2024-09-01 19:30:00+00:00,LaLiga,Real Madrid,Real Betis,2024/2025,2,0,2 - 0,04_J4_shotsMbappeMadridBetis.csv
2716682725,AttemptSaved,8633,701154,Kylian Mbappé,97.1842105256,39.040714287,22,,0,1,103.577586207,34.99125,31.63625,1.6630526234,0.0903172045946121,0.200941801071167,LeftFoot,RegularPlay,FirstHalf,0,"{'x': 1.6253306878306886, 'y': 0.4399610114814815, 'zoomRatio': 1}",0,1,,Kylian,Mbappé,Kylian Mbappé,#085098,4506783,2024-09-01 19:30:00+00:00,LaLiga,Real Madrid,Real Betis,2024/2025,2,0,2 - 0,04_J4_shotsMbappeMadridBetis.csv
2716684863,Miss,8633,701154,Kylian Mbappé,100.8275862072,20.9164331243,24,,0,0,,,50.0963057306,0.0898947364,0.0543094649910926,0.0,RightFoot,RegularPlay,FirstHalf,0,"{'x': 0, 'y': 0.0055848054767688084, 'zoomRatio': 0.23483649374365478}",0,1,,Kylian,Mbappé,Kylian Mbappé,#085098,4506783,2024-09-01 19:30:00+00:00,LaLiga,Real Madrid,Real Betis,2024/2025,2,0,2 - 0,04_J4_shotsMbappeMadridBetis.csv
2716692967,AttemptSaved,8633,701154,Kylian Mbappé,91.0,46.5931210156,34,,1,1,92.4,45.3319745182,33.61875,1.219999994,0.0233531072735786,0.0,RightFoot,RegularPlay,FirstHalf,0,"{'x': 1.1008597883597888, 'y': 0.32275132116402117, 'zoomRatio': 1}",0,1,,Kylian,Mbappé,Kylian Mbappé,#085098,4506783,2024-09-01 19:30:00+00:00,LaLiga,Real Madrid,Real Betis,2024/2025,2,0,2 - 0,04_J4_shotsMbappeMadridBetis.csv
2716696615,AttemptSaved,8633,701154,Kylian Mbappé,91.0,47.15363057,38,,1,1,92.6,46.0326114612,37.431250000000006,1.219999994,0.0183831471949815,0.0,RightFoot,RegularPlay,FirstHalf,0,"{'x': 0.09226190476190332, 'y': 0.32275132116402117, 'zoomRatio': 1}",0,1,,Kylian,Mbappé,Kylian Mbappé,#085098,4506783,2024-09-01 19:30:00+00:00,LaLiga,Real Madrid,Real Betis,2024/2025,2,0,2 - 0,04_J4_shotsMbappeMadridBetis.csv
2716727409,AttemptSaved,8633,701154,Kylian Mbappé,93.0,21.7571974559,52,,1,1,94.5789473669,23.3686624248,33.61875,1.219999994,0.0236597452312707,0.0,RightFoot,RegularPlay,SecondHalf,0,"{'x': 1.1008597883597888, 'y': 0.32275132116402117, 'zoomRatio': 1}",0,1,,Kylian,Mbappé,Kylian Mbappé,#085098,4506783,2024-09-01 19:30:00+00:00,LaLiga,Real Madrid,Real Betis,2024/2025,2,0,2 - 0,04_J4_shotsMbappeMadridBetis.csv
2716734911,AttemptSaved,8633,701154,Kylian Mbappé,93.0,43.440254772100005,63,,1,1,95.1578947355,42.119375,34.61,1.219999994,0.0776416063308715,0.0,LeftFoot,RegularPlay,SecondHalf,0,"{'x': 0.8386243386243388, 'y': 0.32275132116402117, 'zoomRatio': 1}",0,1,,Kylian,Mbappé,Kylian Mbappé,#085098,4506783,2024-09-01 19:30:00+00:00,LaLiga,Real Madrid,Real Betis,2024/2025,2,0,2 - 0,04_J4_shotsMbappeMadridBetis.csv
2716737379,Goal,8633,701154,Kylian Mbappé,96.5087719289,37.744,67,,0,1,,,36.2875,0.0834736838,0.6019985675811768,0.7707548141479492,LeftFoot,RegularPlay,SecondHalf,0,"{'x': 0.39484126984126955, 'y': 0.02208298513227513, 'zoomRatio': 1}",0,1,,Kylian,Mbappé,Kylian Mbappé,#085098,4506783,2024-09-01 19:30:00+00:00,LaLiga,Real Madrid,Real Betis,2024/2025,2,0,2 - 0,04_J4_shotsMbappeMadridBetis.csv
2716741259,Goal,8633,701154,Kylian Mbappé,94.0,34.0,76,,0,1,,,32.55125,0.8154736802,0.7884,0.6397467851638794,RightFoot,Penalty,SecondHalf,0,"{'x': 1.3832671957671967, 'y': 0.2157337778306878, 'zoomRatio': 1}",0,1,,Kylian,Mbappé,Kylian Mbappé,#085098,4506783,2024-09-01 19:30:00+00:00,LaLiga,Real Madrid,Real Betis,2024/2025,2,0,2 - 0,04_J4_shotsMbappeMadridBetis.csv
2720290647,AttemptSaved,8633,701154,Kylian Mbappé,93.2,21.2667515958,18,,0,1,102.9137931036,31.78875,33.8475,0.0834736838,0.0393100045621395,0.0265813861042261,LeftFoot,RegularPlay,FirstHalf,0,"{'x': 1.0403439153439162, 'y': 0.02208298513227513, 'zoomRatio': 1}",0,1,,Kylian,Mbappé,Kylian Mbappé,#085098,4506794,2024-09-14 19:00:00+00:00,LaLiga,Real Sociedad,Real Madrid,2024/2025,0,2,0 - 2,05_J5_shotsMbappeSociedadMadrid.csv
2720304629,Miss,8633,701154,Kylian Mbappé,102.4396551726,46.3829299327,37,,0,0,102.3448275864,0.0,1.4430331762000002,1.1622105206000002,0.0751742273569107,0.0,RightFoot,RegularPlay,FirstHalf,0,"{'x': 2, 'y': 0.03569775178658209, 'zoomRatio': 0.11610418195458924}",0,1,,Kylian,Mbappé,Kylian Mbappé,#085098,4506794,2024-09-14 19:00:00+00:00,LaLiga,Real Sociedad,Real Madrid,2024/2025,0,2,0 - 2,05_J5_shotsMbappeSociedadMadrid.csv
2720347573,Goal,8633,701154,Kylian Mbappé,94.0,34.0,75,,0,1,,,34.915000000000006,0.8154736802,0.7884,0.7025466561317444,RightFoot,Penalty,SecondHalf,0,"{'x': 0.7579365079365064, 'y': 0.2157337778306878, 'zoomRatio': 1}",0,1,,Kylian,Mbappé,Kylian Mbappé,#085098,4506794,2024-09-14 19:00:00+00:00,LaLiga,Real Sociedad,Real Madrid,2024/2025,0,2,0 - 2,05_J5_shotsMbappeSociedadMadrid.csv
2737564883,AttemptSaved,8633,701154,Kylian Mbappé,95.2543859636,28.959285713000003,7,,1,1,96.2192982446,30.05190476,37.50750000000001,0.802631575,0.0791336521506309,0.0,RightFoot,RegularPlay,FirstHalf,0,"{'x': 0.0720899470899452, 'y': 0.2123363955026455, 'zoomRatio': 1}",0,1,,Kylian,Mbappé,Kylian Mbappé,#085098,4621529,2024-10-22 19:00:00+00:00,Champions League,Real Madrid,Borussia Dortmund,2024/2025,5,2,5 - 2,13_ChampJ3_shotsMbappeMadridDortmund.csv
2737565719,AttemptSaved,8633,701154,Kylian Mbappé,95.0614035074,47.50394904150001,8,,1,1,98.7280701752,42.7553125,34.4575,1.219999994,0.0244885999709367,0.0,RightFoot,SetPiece,FirstHalf,0,"{'x': 0.8789682539682532, 'y': 0.32275132116402117, 'zoomRatio': 1}",0,1,,Kylian,Mbappé,Kylian Mbappé,#085098,4621529,2024-10-22 19:00:00+00:00,Champions League,Real Madrid,Borussia Dortmund,2024/2025,5,2,5 - 2,13_ChampJ3_shotsMbappeMadridDortmund.csv
2737669965,AttemptSaved,8633,701154,Kylian Mbappé,82.03446602,26.4009375,69,,0,1,102.9137931036,33.31375,35.60125,1.7079999916000002,0.0331476777791976,0.1012411341071128,RightFoot,SetPiece,SecondHalf,0,"{'x': 0.5763888888888888, 'y': 0.45185184962962965, 'zoomRatio': 1}",0,0,,Kylian,Mbappé,Kylian Mbappé,#085098,4621529,2024-10-22 19:00:00+00:00,Champions League,Real Madrid,Borussia Dortmund,2024/2025,5,2,5 - 2,13_ChampJ3_shotsMbappeMadridDortmund.csv
2737684389,AttemptSaved,8633,701154,Kylian Mbappé,101.8706896554,22.7380891761,80,,0,1,104.4310344828,30.244,32.3225,0.2439999988,0.0782654359936714,0.1310887336730957,LeftFoot,RegularPlay,SecondHalf,0,"{'x': 1.4437830687830693, 'y': 0.06455026423280423, 'zoomRatio': 1}",0,1,,Kylian,Mbappé,Kylian Mbappé,#085098,4621529,2024-10-22 19:00:00+00:00,Champions League,Real Madrid,Borussia Dortmund,2024/2025,5,2,5 - 2,13_ChampJ3_shotsMbappeMadridDortmund.csv
2737685381,Miss,8633,701154,Kylian Mbappé,100.732758621,35.220000000000006,81,,0,0,,,31.63625,4.7063448344,0.43903249502182,0.0,Header,RegularPlay,SecondHalf,0,"{'x': 1.3401464655002593, 'y': 0.6772486772486772, 'zoomRatio': 0.5439465423970294}",0,1,,Kylian,Mbappé,Kylian Mbappé,#085098,4621529,2024-10-22 19:00:00+00:00,Champions League,Real Madrid,Borussia Dortmund,2024/2025,5,2,5 - 2,13_ChampJ3_shotsMbappeMadridDortmund.csv
2752547007,AttemptSaved,8633,701154,Kylian Mbappé,94.0,34.0,61,,0,1,104.525862069,34.0,30.95,0.6934736808,0.7884,0.7960600256919861,RightFoot,Penalty,SecondHalf,0,"{'x': 1.806878306878306, 'y': 0.18345864571428572, 'zoomRatio': 1}",0,1,776689.0,Kylian,Mbappé,Kylian Mbappé,#085098,4621543,2024-11-27 20:00:00+00:00,Champions League,Liverpool,Real Madrid,2024/2025,2,0,2 - 0,19_ChampJ5_shotsMbappeLiverpoolMadrid.csv
2752556817,AttemptSaved,8633,701154,Kylian Mbappé,87.6411764704,44.8415286581,88,,1,1,92.4,41.5990625,31.254999999999995,1.219999994,0.0396742671728134,0.0,RightFoot,RegularPlay,SecondHalf,0,"{'x': 1.7261904761904774, 'y': 0.32275132116402117, 'zoomRatio': 1}",0,0,,Kylian,Mbappé,Kylian Mbappé,#085098,4621543,2024-11-27 20:00:00+00:00,Champions League,Liverpool,Real Madrid,2024/2025,2,0,2 - 0,19_ChampJ5_shotsMbappeLiverpoolMadrid.csv
2725519427,Goal,8633,701154,Kylian Mbappé,94.7719298231,37.431250000000006,40,,0,1,,,35.75375,0.449473682,0.6301013827323914,0.6663724184036255,RightFoot,RegularPlay,FirstHalf,0,"{'x': 0.5360449735449745, 'y': 0.11890838148148149, 'zoomRatio': 1}",0,1,,Kylian,Mbappé,Kylian Mbappé,#085098,4506816,2024-09-24 19:00:00+00:00,LaLiga,Real Madrid,Deportivo Alaves,2024/2025,3,2,3 - 2,08_J7_shotsMbappeMadridAlaves.csv
2744723897,Miss,8633,701154,Kylian Mbappé,92.0,16.2922293005,3,,0,0,,,42.2928125,0.3595789456,0.0301675498485565,0.0,RightFoot,RegularPlay,FirstHalf,0,"{'x': 0, 'y': 0.04336031299393301, 'zoomRatio': 0.4558164072804012}",0,1,,Kylian,Mbappé,Kylian Mbappé,#085098,4621544,2024-11-05 20:00:00+00:00,Champions League,Real Madrid,Milan,2024/2025,1,3,1 - 3,16_ChampJ4_shotsMbappeMadridMilan.csv
2744733447,AttemptSaved,8633,701154,Kylian Mbappé,91.4,24.419617839300003,13,,0,1,101.9655172416,31.4075,34.4575,1.059473679,0.0700645372271537,0.0501399263739585,RightFoot,RegularPlay,FirstHalf,0,"{'x': 0.8789682539682532, 'y': 0.28028404206349206, 'zoomRatio': 1}",0,1,466439.0,Kylian,Mbappé,Kylian Mbappé,#085098,4621544,2024-11-05 20:00:00+00:00,Champions League,Real Madrid,Milan,2024/2025,1,3,1 - 3,16_ChampJ4_shotsMbappeMadridMilan.csv
2744758729,AttemptSaved,8633,701154,Kylian Mbappé,95.0614035074,23.8591082849,43,,0,1,101.9655172416,30.22,34.07625,0.2825263144,0.2157110124826431,0.1911916583776474,RightFoot,FastBreak,FirstHalf,0,"{'x': 0.9798280423280419, 'y': 0.07474241121693122, 'zoomRatio': 1}",0,1,466439.0,Kylian,Mbappé,Kylian Mbappé,#085098,4621544,2024-11-05 20:00:00+00:00,Champions League,Real Madrid,Milan,2024/2025,1,3,1 - 3,16_ChampJ4_shotsMbappeMadridMilan.csv
2744780619,Miss,8633,701154,Kylian Mbappé,93.7,28.202857142,62,,0,0,,,28.118809523000003,0.6228421022,0.1319943964481353,0.0,RightFoot,RegularPlay,SecondHalf,0,"{'x': 2, 'y': 0.10590408602404466, 'zoomRatio': 0.6427270150121346}",0,1,,Kylian,Mbappé,Kylian Mbappé,#085098,4621544,2024-11-05 20:00:00+00:00,Champions League,Real Madrid,Milan,2024/2025,1,3,1 - 3,16_ChampJ4_shotsMbappeMadridMilan.csv
2744781381,Miss,8633,701154,Kylian Mbappé,92.2,39.881190477,63,,0,0,,,36.745000000000005,5.427586216,0.1660788804292678,0.0,RightFoot,RegularPlay,SecondHalf,0,"{'x': 0.6574816971921461, 'y': 0.6772486772486772, 'zoomRatio': 0.4716645481288473}",0,1,,Kylian,Mbappé,Kylian Mbappé,#085098,4621544,2024-11-05 20:00:00+00:00,Champions League,Real Madrid,Milan,2024/2025,1,3,1 - 3,16_ChampJ4_shotsMbappeMadridMilan.csv
2744789297,AttemptSaved,8633,701154,Kylian Mbappé,80.68300970960001,21.4769426787,76,,0,1,103.9568965518,33.00875,36.97375,0.3659999982,0.0265580564737319,0.1367043107748031,RightFoot,RegularPlay,SecondHalf,0,"{'x': 0.21329365079365015, 'y': 0.09682539634920634, 'zoomRatio': 1}",0,0,466439.0,Kylian,Mbappé,Kylian Mbappé,#085098,4621544,2024-11-05 20:00:00+00:00,Champions League,Real Madrid,Milan,2024/2025,1,3,1 - 3,16_ChampJ4_shotsMbappeMadridMilan.csv
2744795841,AttemptSaved,8633,701154,Kylian Mbappé,86.889705882,30.22,90,0.0,1,1,91.1,30.7975,35.220000000000006,1.219999994,0.0857342407107353,0.0,LeftFoot,RegularPlay,SecondHalf,0,"{'x': 0.6772486772486757, 'y': 0.32275132116402117, 'zoomRatio': 1}",0,0,,Kylian,Mbappé,Kylian Mbappé,#085098,4621544,2024-11-05 20:00:00+00:00,Champions League,Real Madrid,Milan,2024/2025,1,3,1 - 3,16_ChampJ4_shotsMbappeMadridMilan.csv
2744797161,AttemptSaved,8633,701154,Kylian Mbappé,86.24558823480001,49.0453503161,90,5.0,1,1,96.5087719289,40.973809524,33.31375,1.219999994,0.0078332247212529,0.0,RightFoot,FromCorner,SecondHalf,0,"{'x': 1.1815476190476193, 'y': 0.32275132116402117, 'zoomRatio': 1}",0,0,,Kylian,Mbappé,Kylian Mbappé,#085098,4621544,2024-11-05 20:00:00+00:00,Champions League,Real Madrid,Milan,2024/2025,1,3,1 - 3,16_ChampJ4_shotsMbappeMadridMilan.csv
2731071435,Miss,8633,701154,Kylian Mbappé,98.4385964909,22.1075159274,4,,0,0,,,30.56875,4.940965524800001,0.0296189431101083,0.0,RightFoot,FromCorner,FirstHalf,0,"{'x': 1.4703148629849203, 'y': 0.6772486772486772, 'zoomRatio': 0.518117357255518}",0,1,,Kylian,Mbappé,Kylian Mbappé,#085098,4506836,2024-10-05 19:00:00+00:00,LaLiga,Real Madrid,Villarreal,2024/2025,2,0,2 - 0,11_J9_shotsMbappeMadridVillarreal.csv
2731091305,AttemptSaved,8633,701154,Kylian Mbappé,82.2597087384,47.15363057,29,,1,1,84.3995145632,45.9625477669,32.09375,1.219999994,0.0134616186842322,0.0,RightFoot,RegularPlay,FirstHalf,0,"{'x': 1.5042989417989419, 'y': 0.32275132116402117, 'zoomRatio': 1}",0,0,,Kylian,Mbappé,Kylian Mbappé,#085098,4506836,2024-10-05 19:00:00+00:00,LaLiga,Real Madrid,Villarreal,2024/2025,2,0,2 - 0,11_J9_shotsMbappeMadridVillarreal.csv
2731098125,AttemptSaved,8633,701154,Kylian Mbappé,90.6,48.34471337309999,37,,1,1,94.8684210512,44.4211464923,34.915000000000006,1.219999994,0.0333645939826965,0.0,RightFoot,RegularPlay,FirstHalf,0,"{'x': 0.7579365079365064, 'y': 0.32275132116402117, 'zoomRatio': 1}",0,1,,Kylian,Mbappé,Kylian Mbappé,#085098,4506836,2024-10-05 19:00:00+00:00,LaLiga,Real Madrid,Villarreal,2024/2025,2,0,2 - 0,11_J9_shotsMbappeMadridVillarreal.csv
2735835767,Goal,8633,701154,Kylian Mbappé,78.655825244,34.305,20,,0,1,,,37.2025,1.6630526234,0.0380300171673297,0.4220504760742187,RightFoot,RegularPlay,FirstHalf,0,"{'x': 0.15277777777777768, 'y': 0.4399610114814815, 'zoomRatio': 1}",0,0,,Kylian,Mbappé,Kylian Mbappé,#085098,4506847,2024-10-19 19:00:00+00:00,LaLiga,Celta Vigo,Real Madrid,2024/2025,1,2,1 - 2,12_J10_shotsMbappeCeltaMadrid.csv
2735896183,AttemptSaved,8633,701154,Kylian Mbappé,92.6,31.7125,62,,1,1,94.3859649107,32.09375,34.305,1.219999994,0.0956291109323501,0.0,LeftFoot,RegularPlay,SecondHalf,0,"{'x': 0.9193121693121694, 'y': 0.32275132116402117, 'zoomRatio': 1}",0,1,,Kylian,Mbappé,Kylian Mbappé,#085098,4506847,2024-10-19 19:00:00+00:00,LaLiga,Celta Vigo,Real Madrid,2024/2025,1,2,1 - 2,12_J10_shotsMbappeCeltaMadrid.csv
2767016843,AttemptSaved,8633,701154,Kylian Mbappé,95.5438596479,42.1771875,8,,0,1,103.1982758622,35.75375,36.97375,1.6630526234,0.1357375383377075,0.7827668190002441,RightFoot,RegularPlay,FirstHalf,0,"{'x': 0.21329365079365015, 'y': 0.4399610114814815, 'zoomRatio': 1}",0,1,212512.0,Kylian,Mbappé,Kylian Mbappé,#085098,4506953,2025-01-19 15:15:00+00:00,LaLiga,Real Madrid,Las Palmas,2024/2025,4,1,4 - 1,28_J20_shotsMbappeMadridPalmas.csv
2767023707,Goal,8633,701154,Kylian Mbappé,94.0,34.0,18,,0,1,,,32.39875,0.1219999994,0.7884,0.8149935603141785,RightFoot,Penalty,FirstHalf,0,"{'x': 1.4236111111111112, 'y': 0.032275132116402115, 'zoomRatio': 1}",0,1,212512.0,Kylian,Mbappé,Kylian Mbappé,#085098,4506953,2025-01-19 15:15:00+00:00,LaLiga,Real Madrid,Las Palmas,2024/2025,4,1,4 - 1,28_J20_shotsMbappeMadridPalmas.csv
2767032249,AttemptSaved,8633,701154,Kylian Mbappé,87.31911764680001,53.179108279800005,28,,0,1,102.7241379312,37.431250000000006,32.474999999999994,1.6630526234,0.0185987800359725,0.0746364369988441,RightFoot,RegularPlay,FirstHalf,0,"{'x': 1.4034391534391548, 'y': 0.4399610114814815, 'zoomRatio': 1}",0,0,212512.0,Kylian,Mbappé,Kylian Mbappé,#085098,4506953,2025-01-19 15:15:00+00:00,LaLiga,Real Madrid,Las Palmas,2024/2025,4,1,4 - 1,28_J20_shotsMbappeMadridPalmas.csv
2767036935,AttemptSaved,8633,701154,Kylian Mbappé,81.1334951464,35.448750000000004,33,,0,1,102.9137931036,34.1525,31.78875,1.0145263108,0.0561072640120983,0.1039394587278366,RightFoot,RegularPlay,FirstHalf,0,"{'x': 1.5849867724867723, 'y': 0.2683932039153439, 'zoomRatio': 1}",0,0,212512.0,Kylian,Mbappé,Kylian Mbappé,#085098,4506953,2025-01-19 15:15:00+00:00,LaLiga,Real Madrid,Las Palmas,2024/2025,4,1,4 - 1,28_J20_shotsMbappeMadridPalmas.csv
2767039781,Goal,8633,701154,Kylian Mbappé,90.0,37.2025,36,,0,1,,,31.63625,1.7079999916000002,0.2405923902988433,0.8269816040992737,RightFoot,RegularPlay,FirstHalf,0,"{'x': 1.6253306878306886, 'y': 0.45185184962962965, 'zoomRatio': 1}",0,1,212512.0,Kylian,Mbappé,Kylian Mbappé,#085098,4506953,2025-01-19 15:15:00+00:00,LaLiga,Real Madrid,Las Palmas,2024/2025,4,1,4 - 1,28_J20_shotsMbappeMadridPalmas.csv
2767047635,Post,8633,701154,Kylian Mbappé,95.2543859636,26.774047619,45,2.0,0,0,,,30.256,0.1219999994,0.0709888562560081,0.0,RightFoot,RegularPlay,FirstHalf,0,"{'x': 1.9904761904761905, 'y': 0.032275132116402115, 'zoomRatio': 1}",0,1,,Kylian,Mbappé,Kylian Mbappé,#085098,4506953,2025-01-19 15:15:00+00:00,LaLiga,Real Madrid,Las Palmas,2024/2025,4,1,4 - 1,28_J20_shotsMbappeMadridPalmas.csv
2739567477,AttemptSaved,8633,701154,Kylian Mbappé,85.279411764,46.452993627000005,61,,0,1,102.7241379312,36.51625,36.135000000000005,0.1219999994,0.0117702912539243,0.036187544465065,RightFoot,FromCorner,SecondHalf,0,"{'x': 0.4351851851851839, 'y': 0.032275132116402115, 'zoomRatio': 1}",0,0,990996.0,Kylian,Mbappé,Kylian Mbappé,#085098,4506859,2024-10-26 19:00:00+00:00,LaLiga,Real Madrid,Barcelona,2024/2025,0,4,0 - 4,14_J11_shotsMbappeMadridBarcelona.csv
2739569975,AttemptSaved,8633,701154,Kylian Mbappé,91.6,41.888125,64,,0,1,94.8684210512,40.217380953,34.07625,0.449473682,0.3676831126213074,0.2084561735391616,RightFoot,RegularPlay,SecondHalf,0,"{'x': 0.9798280423280419, 'y': 0.11890838148148149, 'zoomRatio': 1}",0,1,990996.0,Kylian,Mbappé,Kylian Mbappé,#085098,4506859,2024-10-26 19:00:00+00:00,LaLiga,Real Madrid,Barcelona,2024/2025,0,4,0 - 4,14_J11_shotsMbappeMadridBarcelona.csv
2739573595,AttemptSaved,8633,701154,Kylian Mbappé,91.6,27.446428571,71,,0,1,100.8275862072,31.78875,34.99125,0.3274736826,0.2010112553834915,0.1797109544277191,RightFoot,RegularPlay,SecondHalf,0,"{'x': 0.73776455026455, 'y': 0.08663324936507935, 'zoomRatio': 1}",0,1,990996.0,Kylian,Mbappé,Kylian Mbappé,#085098,4506859,2024-10-26 19:00:00+00:00,LaLiga,Real Madrid,Barcelona,2024/2025,0,4,0 - 4,14_J11_shotsMbappeMadridBarcelona.csv
2761614323,Goal,8633,701154,Kylian Mbappé,81.471359224,34.4575,10,,0,1,,,35.83,1.7079999916000002,0.0248285476118326,0.1051967516541481,RightFoot,RegularPlay,FirstHalf,0,"{'x': 0.5158730158730164, 'y': 0.45185184962962965, 'zoomRatio': 1}",0,0,796781.0,Kylian,Mbappé,Kylian Mbappé,#085098,4506929,2024-12-22 15:15:00+00:00,LaLiga,Real Madrid,Sevilla,2024/2025,4,2,4 - 2,24_J18_shotsMbappeMadridSevilla.csv
2761621757,Miss,8633,701154,Kylian Mbappé,97.0877192975,30.244,17,,0,0,,,34.68625,4.8280000072,0.2948783934116363,0.0,RightFoot,RegularPlay,FirstHalf,0,"{'x': 0.9037361424878199, 'y': 0.6772486772486772, 'zoomRatio': 0.5302402643293849}",0,1,,Kylian,Mbappé,Kylian Mbappé,#085098,4506929,2024-12-22 15:15:00+00:00,LaLiga,Real Madrid,Sevilla,2024/2025,4,2,4 - 2,24_J18_shotsMbappeMadridSevilla.csv
2761631913,AttemptSaved,8633,701154,Kylian Mbappé,90.6,42.46625,30,,1,1,92.8,41.3678125,33.5425,1.219999994,0.0336433127522468,0.0,RightFoot,RegularPlay,FirstHalf,0,"{'x': 1.121031746031747, 'y': 0.32275132116402117, 'zoomRatio': 1}",0,1,,Kylian,Mbappé,Kylian Mbappé,#085098,4506929,2024-12-22 15:15:00+00:00,LaLiga,Real Madrid,Sevilla,2024/2025,4,2,4 - 2,24_J18_shotsMbappeMadridSevilla.csv
2761671611,Miss,8633,701154,Kylian Mbappé,92.3,43.440254772100005,70,,0,0,,,29.379523808,4.7063448344,0.0414934493601322,0.0,RightFoot,RegularPlay,SecondHalf,0,"{'x': 1.6648920764196276, 'y': 0.6772486772486772, 'zoomRatio': 0.5439465423970294}",0,1,,Kylian,Mbappé,Kylian Mbappé,#085098,4506929,2024-12-22 15:15:00+00:00,LaLiga,Real Madrid,Sevilla,2024/2025,4,2,4 - 2,24_J18_shotsMbappeMadridSevilla.csv
2761681235,AttemptSaved,8633,701154,Kylian Mbappé,99.1140350876,43.650445855,82,,0,1,103.6724137932,37.58375000000001,33.695,0.2439999988,0.1400912702083587,0.1725599318742752,RightFoot,RegularPlay,SecondHalf,0,"{'x': 1.0806878306878307, 'y': 0.06455026423280423, 'zoomRatio': 1}",0,1,796781.0,Kylian,Mbappé,Kylian Mbappé,#085098,4506929,2024-12-22 15:15:00+00:00,LaLiga,Real Madrid,Sevilla,2024/2025,4,2,4 - 2,24_J18_shotsMbappeMadridSevilla.csv
2745905271,AttemptSaved,8633,701154,Kylian Mbappé,92.7,20.0056050984,7,,0,1,103.6724137932,31.1025,33.161249999999995,0.2439999988,0.0320569425821304,0.0158378593623638,RightFoot,RegularPlay,FirstHalf,0,"{'x': 1.2218915343915355, 'y': 0.06455026423280423, 'zoomRatio': 1}",0,1,683762.0,Kylian,Mbappé,Kylian Mbappé,#085098,4506882,2024-11-09 13:00:00+00:00,LaLiga,Real Madrid,Osasuna,2024/2025,4,0,4 - 0,17_J13_shotsMbappeMadridOsasuna.csv
2745911613,AttemptSaved,8633,701154,Kylian Mbappé,90.8,20.7062420414,13,,1,1,96.605263157,25.880625,34.07625,1.219999994,0.0204326380044221,0.0,LeftFoot,RegularPlay,FirstHalf,0,"{'x': 0.9798280423280419, 'y': 0.32275132116402117, 'zoomRatio': 1}",0,1,,Kylian,Mbappé,Kylian Mbappé,#085098,4506882,2024-11-09 13:00:00+00:00,LaLiga,Real Madrid,Osasuna,2024/2025,4,0,4 - 0,17_J13_shotsMbappeMadridOsasuna.csv
2745971551,AttemptSaved,8633,701154,Kylian Mbappé,85.9235294112,44.8415286581,56,,1,1,92.7,40.973809524,35.75375,1.219999994,0.0858266502618789,0.0,RightFoot,FreeKick,SecondHalf,0,"{'x': 0.5360449735449745, 'y': 0.32275132116402117, 'zoomRatio': 1}",0,0,,Kylian,Mbappé,Kylian Mbappé,#085098,4506882,2024-11-09 13:00:00+00:00,LaLiga,Real Madrid,Osasuna,2024/2025,4,0,4 - 0,17_J13_shotsMbappeMadridOsasuna.csv
2745975119,Miss,8633,701154,Kylian Mbappé,98.4385964909,42.9865625,60,,0,0,,,39.040714287,1.5153684136,0.1179913058876991,0.0,LeftFoot,RegularPlay,SecondHalf,0,"{'x': 0, 'y': 0.3006257302676596, 'zoomRatio': 0.7498937223537185}",0,1,,Kylian,Mbappé,Kylian Mbappé,#085098,4506882,2024-11-09 13:00:00+00:00,LaLiga,Real Madrid,Osasuna,2024/2025,4,0,4 - 0,17_J13_shotsMbappeMadridOsasuna.csv
2745981143,AttemptSaved,8633,701154,Kylian Mbappé,96.9912280694,47.50394904150001,67,,1,1,98.1491228066,45.5421656011,33.695,1.219999994,0.0256934501230716,0.0,RightFoot,RegularPlay,SecondHalf,0,"{'x': 1.0806878306878307, 'y': 0.32275132116402117, 'zoomRatio': 1}",0,1,,Kylian,Mbappé,Kylian Mbappé,#085098,4506882,2024-11-09 13:00:00+00:00,LaLiga,Real Madrid,Osasuna,2024/2025,4,0,4 - 0,17_J13_shotsMbappeMadridOsasuna.csv
2714827405,AttemptSaved,8633,701154,Kylian Mbappé,90.8,43.3001273835,4,,1,1,94.0964912264,41.141904762,31.94125,1.219999994,0.0520350709557533,0.0,RightFoot,FastBreak,FirstHalf,0,"{'x': 1.544642857142858, 'y': 0.32275132116402117, 'zoomRatio': 1}",0,1,,Kylian,Mbappé,Kylian Mbappé,#085098,4506770,2024-08-29 19:30:00+00:00,LaLiga,Las Palmas,Real Madrid,2024/2025,1,1,1 - 1,03_J3_shotsMbappePalmasMadrid.csv
2714835405,AttemptSaved,8633,701154,Kylian Mbappé,91.6,23.0884076476,21,,1,1,94.4824561388,24.955625,31.865,1.219999994,0.0479757748544216,0.0,RightFoot,RegularPlay,FirstHalf,0,"{'x': 1.5648148148148162, 'y': 0.32275132116402117, 'zoomRatio': 1}",0,1,,Kylian,Mbappé,Kylian Mbappé,#085098,4506770,2024-08-29 19:30:00+00:00,LaLiga,Las Palmas,Real Madrid,2024/2025,1,1,1 - 1,03_J3_shotsMbappePalmasMadrid.csv
2714837469,AttemptSaved,8633,701154,Kylian Mbappé,84.286893204,26.69,29,,0,1,101.681034483,32.3225,33.77125,0.3659999982,0.0805446282029151,0.0824626386165618,RightFoot,FastBreak,FirstHalf,0,"{'x': 1.0605158730158726, 'y': 0.09682539634920634, 'zoomRatio': 1}",0,0,,Kylian,Mbappé,Kylian Mbappé,#085098,4506770,2024-08-29 19:30:00+00:00,LaLiga,Las Palmas,Real Madrid,2024/2025,1,1,1 - 1,03_J3_shotsMbappePalmasMadrid.csv
2714842839,AttemptSaved,8633,701154,Kylian Mbappé,94.9649122793,22.3877707046,45,1.0,1,1,96.5087719289,24.0692993678,33.466249999999995,1.219999994,0.0369379334151744,0.0,RightFoot,RegularPlay,FirstHalf,0,"{'x': 1.141203703703705, 'y': 0.32275132116402117, 'zoomRatio': 1}",0,1,,Kylian,Mbappé,Kylian Mbappé,#085098,4506770,2024-08-29 19:30:00+00:00,LaLiga,Las Palmas,Real Madrid,2024/2025,1,1,1 - 1,03_J3_shotsMbappePalmasMadrid.csv
2714848395,AttemptSaved,8633,701154,Kylian Mbappé,92.1,43.044375,52,,1,1,94.7719298231,41.3678125,32.85625,1.219999994,0.0441612973809242,0.0,RightFoot,RegularPlay,SecondHalf,0,"{'x': 1.3025793650793662, 'y': 0.32275132116402117, 'zoomRatio': 1}",0,1,,Kylian,Mbappé,Kylian Mbappé,#085098,4506770,2024-08-29 19:30:00+00:00,LaLiga,Las Palmas,Real Madrid,2024/2025,1,1,1 - 1,03_J3_shotsMbappePalmasMadrid.csv
2714849135,AttemptSaved,8633,701154,Kylian Mbappé,81.5839805832,43.8606369379,55,,0,1,103.103448276,34.838750000000005,34.07625,1.5025263084,0.0228532385081052,0.0242947004735469,RightFoot,RegularPlay,SecondHalf,0,"{'x': 0.9798280423280419, 'y': 0.39749373238095237, 'zoomRatio': 1}",0,0,,Kylian,Mbappé,Kylian Mbappé,#085098,4506770,2024-08-29 19:30:00+00:00,LaLiga,Las Palmas,Real Madrid,2024/2025,1,1,1 - 1,03_J3_shotsMbappePalmasMadrid.csv
2714850697,AttemptSaved,8633,701154,Kylian Mbappé,78.2053398072,44.2810191037,67,,1,1,83.0480582528,42.813125,35.143750000000004,1.219999994,0.0177238825708627,0.0,RightFoot,RegularPlay,SecondHalf,0,"{'x': 0.6974206349206338, 'y': 0.32275132116402117, 'zoomRatio': 1}",0,0,,Kylian,Mbappé,Kylian Mbappé,#085098,4506770,2024-08-29 19:30:00+00:00,LaLiga,Las Palmas,Real Madrid,2024/2025,1,1,1 - 1,03_J3_shotsMbappePalmasMadrid.csv
2714852433,Miss,8633,701154,Kylian Mbappé,93.9,18.9546496839,80,,0,0,,,40.637619048000005,5.670896561599999,0.0540055520832538,0.0,LeftFoot,RegularPlay,SecondHalf,0,"{'x': 0.20730017352488828, 'y': 0.6772486772486772, 'zoomRatio': 0.45142773672417613}",0,1,,Kylian,Mbappé,Kylian Mbappé,#085098,4506770,2024-08-29 19:30:00+00:00,LaLiga,Las Palmas,Real Madrid,2024/2025,1,1,1 - 1,03_J3_shotsMbappePalmasMadrid.csv
2714853021,Miss,8633,701154,Kylian Mbappé,101.1120689658,25.7071875,85,,0,0,,,29.21142857,0.1797894728,0.1672430336475372,0.0,LeftFoot,RegularPlay,SecondHalf,0,"{'x': 2, 'y': 0.037545534284741805, 'zoomRatio': 0.7893794747048395}",0,1,,Kylian,Mbappé,Kylian Mbappé,#085098,4506770,2024-08-29 19:30:00+00:00,LaLiga,Las Palmas,Real Madrid,2024/2025,1,1,1 - 1,03_J3_shotsMbappePalmasMadrid.csv
0,0,0,701154,Kylian Mbappé,0.0,0.0,0,0.0,0,0,0.0,0.0,0.0,0.0,0.0,0.0,0,0,0,0,0,0,0,0.0,Kylian,Mbappé,Kylian Mbappé,#085098,4506917,2024-12-14 20:00:00+00:00,LaLiga,Rayo Vallecano,Real Madrid,2024/2025,3,3,3 - 3,23_J17_shotsMbappeRayoMadrid.csv
2723731247,AttemptSaved,8633,701154,Kylian Mbappé,102.7241379312,40.049285715,11,,0,1,104.9051724138,36.21125,35.75375,0.9759999952,0.3087042868137359,0.3246191143989563,RightFoot,RegularPlay,FirstHalf,0,"{'x': 0.5360449735449745, 'y': 0.2582010569312169, 'zoomRatio': 1}",0,1,,Kylian,Mbappé,Kylian Mbappé,#085098,4506806,2024-09-21 19:00:00+00:00,LaLiga,Real Madrid,Espanyol,2024/2025,4,1,4 - 1,07_J6_shotsMbappeMadridEspanyol.csv
2723742509,AttemptSaved,8633,701154,Kylian Mbappé,89.3,36.97375,21,,0,1,103.8620689656,34.305,34.61,0.2439999988,0.050776369869709,0.0303881205618381,RightFoot,RegularPlay,FirstHalf,0,"{'x': 0.8386243386243388, 'y': 0.06455026423280423, 'zoomRatio': 1}",0,1,,Kylian,Mbappé,Kylian Mbappé,#085098,4506806,2024-09-21 19:00:00+00:00,LaLiga,Real Madrid,Espanyol,2024/2025,4,1,4 - 1,07_J6_shotsMbappeMadridEspanyol.csv
2723747123,Miss,8633,701154,Kylian Mbappé,94.9649122793,43.440254772100005,26,,0,0,,,11.806635078,3.6201379344000006,0.0456649288535118,0.0,RightFoot,RegularPlay,FirstHalf,0,"{'x': 2, 'y': 0.16311802861455243, 'zoomRatio': 0.17032117541819602}",0,1,,Kylian,Mbappé,Kylian Mbappé,#085098,4506806,2024-09-21 19:00:00+00:00,LaLiga,Real Madrid,Espanyol,2024/2025,4,1,4 - 1,07_J6_shotsMbappeMadridEspanyol.csv
2723748891,AttemptSaved,8633,701154,Kylian Mbappé,98.3421052628,43.044375,28,,0,1,103.9568965518,37.05,36.745000000000005,0.2054736832,0.2702491581439972,0.413845956325531,LeftFoot,RegularPlay,FirstHalf,0,"{'x': 0.2738095238095226, 'y': 0.05435811724867726, 'zoomRatio': 1}",0,1,,Kylian,Mbappé,Kylian Mbappé,#085098,4506806,2024-09-21 19:00:00+00:00,LaLiga,Real Madrid,Espanyol,2024/2025,4,1,4 - 1,07_J6_shotsMbappeMadridEspanyol.csv
2723776397,AttemptSaved,8633,701154,Kylian Mbappé,95.8333333322,42.581875,46,,0,1,103.577586207,37.05,37.2025,0.2439999988,0.0673842579126358,0.2830154001712799,RightFoot,RegularPlay,SecondHalf,0,"{'x': 0.15277777777777768, 'y': 0.06455026423280423, 'zoomRatio': 1}",0,1,,Kylian,Mbappé,Kylian Mbappé,#085098,4506806,2024-09-21 19:00:00+00:00,LaLiga,Real Madrid,Espanyol,2024/2025,4,1,4 - 1,07_J6_shotsMbappeMadridEspanyol.csv
2723798173,AttemptSaved,8633,701154,Kylian Mbappé,90.1,24.955625,71,,1,1,92.8,26.516562500000003,35.75375,1.219999994,0.0733271911740303,0.0,LeftFoot,ThrowInSetPiece,SecondHalf,0,"{'x': 0.5360449735449745, 'y': 0.32275132116402117, 'zoomRatio': 1}",0,1,,Kylian,Mbappé,Kylian Mbappé,#085098,4506806,2024-09-21 19:00:00+00:00,LaLiga,Real Madrid,Espanyol,2024/2025,4,1,4 - 1,07_J6_shotsMbappeMadridEspanyol.csv
2723798323,AttemptSaved,8633,701154,Kylian Mbappé,93.9,39.376904763,71,,0,1,103.4827586208,35.220000000000006,36.36375,0.2825263144,0.2514375746250152,0.5127341747283936,RightFoot,RegularPlay,SecondHalf,0,"{'x': 0.37466931216931143, 'y': 0.07474241121693122, 'zoomRatio': 1}",0,1,,Kylian,Mbappé,Kylian Mbappé,#085098,4506806,2024-09-21 19:00:00+00:00,LaLiga,Real Madrid,Espanyol,2024/2025,4,1,4 - 1,07_J6_shotsMbappeMadridEspanyol.csv
2723800307,Miss,8633,701154,Kylian Mbappé,90.9,43.044375,73,,0,0,,,29.379523808,5.7925517344,0.0570358522236347,0.0,RightFoot,RegularPlay,SecondHalf,0,"{'x': 1.5402129377123521, 'y': 0.6772486772486772, 'zoomRatio': 0.4419468512981988}",0,1,,Kylian,Mbappé,Kylian Mbappé,#085098,4506806,2024-09-21 19:00:00+00:00,LaLiga,Real Madrid,Espanyol,2024/2025,4,1,4 - 1,07_J6_shotsMbappeMadridEspanyol.csv
2723811691,Goal,8633,701154,Kylian Mbappé,94.0,34.0,90,0.0,0,1,,,32.55125,0.1219999994,0.7884,0.8420699238777161,RightFoot,Penalty,SecondHalf,0,"{'x': 1.3832671957671967, 'y': 0.032275132116402115, 'zoomRatio': 1}",0,1,,Kylian,Mbappé,Kylian Mbappé,#085098,4506806,2024-09-21 19:00:00+00:00,LaLiga,Real Madrid,Espanyol,2024/2025,4,1,4 - 1,07_J6_shotsMbappeMadridEspanyol.csv
2765963307,AttemptSaved,8633,701154,Kylian Mbappé,92.4,43.650445855,35,,1,1,94.0964912264,42.7553125,36.2875,1.219999994,0.0707283839583396,0.0,RightFoot,FastBreak,FirstHalf,0,"{'x': 0.39484126984126955, 'y': 0.32275132116402117, 'zoomRatio': 1}",0,1,786630.0,Kylian,Mbappé,Kylian Mbappé,#085098,4707273,2025-01-16 20:30:00+00:00,Copa del Rey,Real Madrid,Celta Vigo,2024/2025,5,2,5 - 2,27_CR2_shotsMbappeMadridCelta.csv
2765963763,Goal,8633,701154,Kylian Mbappé,101.681034483,47.2236942643,37,,0,1,,,36.51625,1.5025263084,0.0450557358562946,0.2572377324104309,LeftFoot,FastBreak,FirstHalf,0,"{'x': 0.33432539682539697, 'y': 0.39749373238095237, 'zoomRatio': 1}",0,1,786630.0,Kylian,Mbappé,Kylian Mbappé,#085098,4707273,2025-01-16 20:30:00+00:00,Copa del Rey,Real Madrid,Celta Vigo,2024/2025,5,2,5 - 2,27_CR2_shotsMbappeMadridCelta.csv
2765971693,Miss,8633,701154,Kylian Mbappé,101.9655172416,33.695,57,,0,0,,,34.838750000000005,3.8547586248,0.349863588809967,0.0,Header,RegularPlay,SecondHalf,0,"{'x': 0.8526386777144046, 'y': 0.6772486772486772, 'zoomRatio': 0.6641142154867928}",0,1,,Kylian,Mbappé,Kylian Mbappé,#085098,4707273,2025-01-16 20:30:00+00:00,Copa del Rey,Real Madrid,Celta Vigo,2024/2025,5,2,5 - 2,27_CR2_shotsMbappeMadridCelta.csv
2765972663,Miss,8633,701154,Kylian Mbappé,92.0,38.200238097,63,,0,0,,,29.967857141,3.7417931072,0.1411264687776565,0.0,RightFoot,RegularPlay,SecondHalf,0,"{'x': 1.7298007504693103, 'y': 0.6772486772486772, 'zoomRatio': 0.6841639627466359}",0,1,,Kylian,Mbappé,Kylian Mbappé,#085098,4707273,2025-01-16 20:30:00+00:00,Copa del Rey,Real Madrid,Celta Vigo,2024/2025,5,2,5 - 2,27_CR2_shotsMbappeMadridCelta.csv
2751473521,AttemptSaved,8633,701154,Kylian Mbappé,93.5,51.4275159223,5,,0,1,104.1465517242,35.6775,35.525000000000006,0.4879999976,0.0143650155514478,0.037767194211483,RightFoot,RegularPlay,FirstHalf,0,"{'x': 0.5965608465608451, 'y': 0.12910052846560846, 'zoomRatio': 1}",0,1,280818.0,Kylian,Mbappé,Kylian Mbappé,#085098,4506889,2024-11-24 17:30:00+00:00,LaLiga,Leganes,Real Madrid,2024/2025,0,3,0 - 3,18_J14_shotsMbappeLeganesMadrid.csv
2751493107,AttemptSaved,8633,701154,Kylian Mbappé,87.85588235280001,43.16,27,,1,1,92.6,41.225952381,34.68625,1.219999994,0.0469622611999511,0.0,RightFoot,RegularPlay,FirstHalf,0,"{'x': 0.8184523809523807, 'y': 0.32275132116402117, 'zoomRatio': 1}",0,0,,Kylian,Mbappé,Kylian Mbappé,#085098,4506889,2024-11-24 17:30:00+00:00,LaLiga,Leganes,Real Madrid,2024/2025,0,3,0 - 3,18_J14_shotsMbappeLeganesMadrid.csv
2751505355,Goal,8633,701154,Kylian Mbappé,101.1120689658,37.12625,43,,0,1,,,35.220000000000006,0.449473682,0.5640653371810913,0.6723135709762573,RightFoot,RegularPlay,FirstHalf,0,"{'x': 0.6772486772486757, 'y': 0.11890838148148149, 'zoomRatio': 1}",0,1,280818.0,Kylian,Mbappé,Kylian Mbappé,#085098,4506889,2024-11-24 17:30:00+00:00,LaLiga,Leganes,Real Madrid,2024/2025,0,3,0 - 3,18_J14_shotsMbappeLeganesMadrid.csv
2751524733,AttemptSaved,8633,701154,Kylian Mbappé,93.2,40.049285715,52,,1,1,94.7719298231,39.292857144,35.0675,1.219999994,0.0710279569029808,0.0,RightFoot,RegularPlay,SecondHalf,0,"{'x': 0.7175925925925919, 'y': 0.32275132116402117, 'zoomRatio': 1}",0,1,,Kylian,Mbappé,Kylian Mbappé,#085098,4506889,2024-11-24 17:30:00+00:00,LaLiga,Leganes,Real Madrid,2024/2025,0,3,0 - 3,18_J14_shotsMbappeLeganesMadrid.csv
2751544347,AttemptSaved,8633,701154,Kylian Mbappé,92.7,24.2794904507,81,,0,1,100.732758621,30.22,32.0175,1.5859999922,0.2013156712055206,0.3991647362709045,RightFoot,FastBreak,SecondHalf,0,"{'x': 1.5244708994709, 'y': 0.4195767175132275, 'zoomRatio': 1}",0,1,280818.0,Kylian,Mbappé,Kylian Mbappé,#085098,4506889,2024-11-24 17:30:00+00:00,LaLiga,Leganes,Real Madrid,2024/2025,0,3,0 - 3,18_J14_shotsMbappeLeganesMadrid.csv
2767921139,Goal,8633,701154,Kylian Mbappé,99.784482759,33.5425,48,,False,True,,,34.38125,0.2825263144,0.9608635902404784,0.994860053062439,LeftFoot,RegularPlay,SecondHalf,False,"{'x': 0.8991402116402113, 'y': 0.07474241121693122, 'zoomRatio': 1}",False,True,278814.0,Kylian,Mbappé,Kylian Mbappé,#085098,4621546,2025-01-22 20:00:00+00:00,Champions League,Real Madrid,Salzburg,2024/2025,5,1,5 - 1,29_ChampJ7_shotsMbappeMadridSalzburg.csv
2768942807,Miss,8633,701154,Kylian Mbappé,81.6966019424,23.0183439533,4,,False,False,,,46.452993627000005,0.4430526294,0.0434962175786495,0.0,RightFoot,RegularPlay,FirstHalf,False,"{'x': 0, 'y': 0.03557800177777284, 'zoomRatio': 0.3035414706873678}",False,False,,Kylian,Mbappé,Kylian Mbappé,#085098,4506963,2025-01-25 20:00:00+00:00,LaLiga,Real Valladolid,Real Madrid,2024/2025,0,3,0 - 3,30_J21_shotsMabappeValladolidMadrid.csv
2768958583,Goal,8633,701154,Kylian Mbappé,95.1578947355,40.217380953,30,,False,True,,,31.559999999999995,0.9759999952,0.2222532331943512,0.2169530987739563,RightFoot,RegularPlay,FirstHalf,False,"{'x': 1.6455026455026467, 'y': 0.2582010569312169, 'zoomRatio': 1}",False,True,982692.0,Kylian,Mbappé,Kylian Mbappé,#085098,4506963,2025-01-25 20:00:00+00:00,LaLiga,Real Valladolid,Real Madrid,2024/2025,0,3,0 - 3,30_J21_shotsMabappeValladolidMadrid.csv
2768991785,Goal,8633,701154,Kylian Mbappé,96.0263157884,46.10267515550001,57,,False,True,,,33.084999999999994,0.449473682,0.1001917123794555,0.1567191928625106,RightFoot,FastBreak,SecondHalf,False,"{'x': 1.2420634920634936, 'y': 0.11890838148148149, 'zoomRatio': 1}",False,True,982692.0,Kylian,Mbappé,Kylian Mbappé,#085098,4506963,2025-01-25 20:00:00+00:00,LaLiga,Real Valladolid,Real Madrid,2024/2025,0,3,0 - 3,30_J21_shotsMabappeValladolidMadrid.csv
2768998267,Miss,8633,701154,Kylian Mbappé,94.9649122793,47.2937579586,66,,False,False,,,38.200238097,2.2281052522,0.0318117141723632,0.0,LeftFoot,RegularPlay,SecondHalf,False,"{'x': 0, 'y': 0.5304711782390183, 'zoomRatio': 0.8999489821064788}",False,True,,Kylian,Mbappé,Kylian Mbappé,#085098,4506963,2025-01-25 20:00:00+00:00,LaLiga,Real Valladolid,Real Madrid,2024/2025,0,3,0 - 3,30_J21_shotsMabappeValladolidMadrid.csv
2769006071,AttemptSaved,8633,701154,Kylian Mbappé,87.21176470559999,49.8861146477,80,,True,True,89.8,47.5740127358,33.39,1.219999994,0.0229670424014329,0.0,RightFoot,RegularPlay,SecondHalf,False,"{'x': 1.1613756613756612, 'y': 0.32275132116402117, 'zoomRatio': 1}",False,False,,Kylian,Mbappé,Kylian Mbappé,#085098,4506963,2025-01-25 20:00:00+00:00,LaLiga,Real Valladolid,Real Madrid,2024/2025,0,3,0 - 3,30_J21_shotsMabappeValladolidMadrid.csv
2769012163,Goal,8633,701154,Kylian Mbappé,94.0,34.0,90,1.0,False,True,,,34.915000000000006,1.3419999934,0.7884,0.8992320895195007,RightFoot,Penalty,SecondHalf,False,"{'x': 0.7579365079365064, 'y': 0.35502645328042326, 'zoomRatio': 1}",False,True,982692.0,Kylian,Mbappé,Kylian Mbappé,#085098,4506963,2025-01-25 20:00:00+00:00,LaLiga,Real Valladolid,Real Madrid,2024/2025,0,3,0 - 3,30_J21_shotsMabappeValladolidMadrid.csv
2770220719,Miss,8633,701154,Kylian Mbappé,94.5789473669,48.7650955389,13,,False,False,,,24.2794904507,3.255172416,0.0108469231054186,0.0,RightFoot,SetPiece,FirstHalf,False,"{'x': 2, 'y': 0.33487672631672, 'zoomRatio': 0.38886850332575484}",False,True,,Kylian,Mbappé,Kylian Mbappé,#085098,4621549,2025-01-29 20:00:00+00:00,Champions League,Brest,Real Madrid,2024/2025,0,3,0 - 3,31_ChampJ8_shotsMbappeBrestMadrid.csv
2770223307,Miss,8633,701154,Kylian Mbappé,94.7719298231,42.813125,16,,False,False,,,23.4387261191,5.1842758704000005,0.0650992020964622,0.0,RightFoot,RegularPlay,FirstHalf,False,"{'x': 2, 'y': 0.49087599932198805, 'zoomRatio': 0.3579113696536273}",False,True,,Kylian,Mbappé,Kylian Mbappé,#085098,4621549,2025-01-29 20:00:00+00:00,Champions League,Brest,Real Madrid,2024/2025,0,3,0 - 3,31_ChampJ8_shotsMbappeBrestMadrid.csv
2770237667,AttemptSaved,8633,701154,Kylian Mbappé,86.6749999996,38.956666668,34,,True,True,90.6,37.78,34.1525,1.219999994,0.0757813304662704,0.0,LeftFoot,RegularPlay,FirstHalf,False,"{'x': 0.9596560846560838, 'y': 0.32275132116402117, 'zoomRatio': 1}",False,False,,Kylian,Mbappé,Kylian Mbappé,#085098,4621549,2025-01-29 20:00:00+00:00,Champions League,Brest,Real Madrid,2024/2025,0,3,0 - 3,31_ChampJ8_shotsMbappeBrestMadrid.csv
2770256315,AttemptSaved,8633,701154,Kylian Mbappé,98.2456140347,46.1727388498,49,,False,True,101.9655172416,39.713095239,34.22875,0.5265263132,0.1454847753047943,0.0945110321044921,LeftFoot,FastBreak,SecondHalf,False,"{'x': 0.9394841269841275, 'y': 0.13929267544973545, 'zoomRatio': 1}",False,True,195782.0,Kylian,Mbappé,Kylian Mbappé,#085098,4621549,2025-01-29 20:00:00+00:00,Champions League,Brest,Real Madrid,2024/2025,0,3,0 - 3,31_ChampJ8_shotsMbappeBrestMadrid.csv
2770286355,AttemptSaved,8633,701154,Kylian Mbappé,100.1637931038,44.9816560467,78,,False,True,104.051724138,37.431250000000006,34.915000000000006,1.2585263096,0.0906517878174781,0.1025818511843681,RightFoot,RegularPlay,SecondHalf,False,"{'x': 0.7579365079365064, 'y': 0.3329434681481482, 'zoomRatio': 1}",False,True,195782.0,Kylian,Mbappé,Kylian Mbappé,#085098,4621549,2025-01-29 20:00:00+00:00,Champions League,Brest,Real Madrid,2024/2025,0,3,0 - 3,31_ChampJ8_shotsMbappeBrestMadrid.csv
2770296123,Miss,8633,701154,Kylian Mbappé,95.5438596479,38.704523811,88,,False,False,,,35.75375,3.9764137976,0.3970912098884582,0.0,LeftFoot,RegularPlay,SecondHalf,False,"{'x': 0.7013075277925735, 'y': 0.6772486772486772, 'zoomRatio': 0.6437961767321879}",False,True,,Kylian,Mbappé,Kylian Mbappé,#085098,4621549,2025-01-29 20:00:00+00:00,Champions League,Brest,Real Madrid,2024/2025,0,3,0 - 3,31_ChampJ8_shotsMbappeBrestMadrid.csv
2770298251,Miss,8633,701154,Kylian Mbappé,97.3771929818,30.22,90,1.0,False,False,101.8706896554,56.25895733909999,67.8688151658,0.6228421022,0.3662610054016113,0.0,RightFoot,RegularPlay,SecondHalf,False,"{'x': 0, 'y': 0.018389840304450112, 'zoomRatio': 0.11160709288162411}",False,True,,Kylian,Mbappé,Kylian Mbappé,#085098,4621549,2025-01-29 20:00:00+00:00,Champions League,Brest,Real Madrid,2024/2025,0,3,0 - 3,31_ChampJ8_shotsMbappeBrestMadrid.csv
2771549863,AttemptSaved,8633,701154,Kylian Mbappé,103.3879310346,24.2794904507,51,,False,True,104.4310344828,30.328,31.63625,0.8925263114,0.0569688640534877,0.1438222825527191,RightFoot,RegularPlay,SecondHalf,False,"{'x': 1.6253306878306886, 'y': 0.2361180717989418, 'zoomRatio': 1}",False,True,1167220.0,Kylian,Mbappé,Kylian Mbappé,#085098,4506971,2025-02-01 20:00:00+00:00,LaLiga,Espanyol,Real Madrid,2024/2025,1,0,1 - 0,32_J22_shotsMbappeEspanyolMadrid.csv
2771567215,AttemptSaved,8633,701154,Kylian Mbappé,93.1,50.65681528500001,77,,False,True,102.7241379312,37.732,31.48375,1.3805263090000002,0.0171327646821737,0.2290690839290619,RightFoot,RegularPlay,SecondHalf,False,"{'x': 1.665674603174603, 'y': 0.3652186002645503, 'zoomRatio': 1}",False,True,1167220.0,Kylian,Mbappé,Kylian Mbappé,#085098,4506971,2025-02-01 20:00:00+00:00,LaLiga,Espanyol,Real Madrid,2024/2025,1,0,1 - 0,32_J22_shotsMbappeEspanyolMadrid.csv
2771578321,Miss,8633,701154,Kylian Mbappé,97.3771929818,19.0247133782,90,8.0,False,False,,,29.547619046,3.1335172432,0.026679178699851,0.0,RightFoot,FromCorner,SecondHalf,False,"{'x': 1.9622953625825137, 'y': 0.6772486772486772, 'zoomRatio': 0.8169733246419558}",False,True,,Kylian,Mbappé,Kylian Mbappé,#085098,4506971,2025-02-01 20:00:00+00:00,LaLiga,Espanyol,Real Madrid,2024/2025,1,0,1 - 0,32_J22_shotsMbappeEspanyolMadrid.csv
0,0,0,701154,Kylian Mbappé,0,0,0,0,0,0,0,0,0,0,0,0,0,0,0,0,0,0,0,0,Kylian,Mbappé,Kylian Mbappé,#085098,4717296,2025-02-05 20:00:00+00:00,Copa del Rey,Leganes,Real Madrid,2024/2025,2,3,2 - 3,33_CR3_shotsMbappeLeganesMadrid.csv
2773992617,Goal,8633,701154,Kylian Mbappé,95.9298245603,30.72125,50,,False,True,,,36.05875,1.1365263102,0.251508355140686,0.6976197361946106,RightFoot,RegularPlay,SecondHalf,False,"{'x': 0.455357142857142, 'y': 0.30066833603174603, 'zoomRatio': 1}",False,True,177126.0,Kylian,Mbappé,Kylian Mbappé,#085098,4506980,2025-02-08 20:00:00+00:00,LaLiga,Real Madrid,Atletico Madrid,2024/2025,1,1,1 - 1,34_J23_shotsMbappeMadridAtletico.csv
2774005925,AttemptSaved,8633,701154,Kylian Mbappé,88.5,33.161249999999995,70,,False,True,103.4827586208,33.161249999999995,34.99125,0.2439999988,0.1382717043161392,0.1832429468631744,LeftFoot,RegularPlay,SecondHalf,False,"{'x': 0.73776455026455, 'y': 0.06455026423280423, 'zoomRatio': 1}",False,False,177126.0,Kylian,Mbappé,Kylian Mbappé,#085098,4506980,2025-02-08 20:00:00+00:00,LaLiga,Real Madrid,Atletico Madrid,2024/2025,1,1,1 - 1,34_J23_shotsMbappeMadridAtletico.csv
2774020519,AttemptSaved,8633,701154,Kylian Mbappé,101.5862068968,25.8228125,89,,False,True,102.2500000002,27.194285714000003,32.0175,0.4045263138,0.1222817748785018,0.2473288774490356,RightFoot,RegularPlay,SecondHalf,False,"{'x': 1.5244708994709, 'y': 0.10701754333333334, 'zoomRatio': 1}",False,True,177126.0,Kylian,Mbappé,Kylian Mbappé,#085098,4506980,2025-02-08 20:00:00+00:00,LaLiga,Real Madrid,Atletico Madrid,2024/2025,1,1,1 - 1,34_J23_shotsMbappeMadridAtletico.csv
2775160573,AttemptSaved,8633,701154,Kylian Mbappé,96.5087719289,21.3368152901,11,,False,True,103.2931034484,30.328,33.00875,0.3274736826,0.0371735319495201,0.0426235608756542,RightFoot,RegularPlay,FirstHalf,False,"{'x': 1.26223544973545, 'y': 0.08663324936507935, 'zoomRatio': 1}",False,True,363364.0,Kylian,Mbappé,Kylian Mbappé,#085098,4723900,2025-02-11 20:00:00+00:00,Champions League Final Stage,Manchester City,Real Madrid,2024/2025,2,3,2 - 3,35_ChampR16_shotsMbappeCityMadrid.csv
2775187257,AttemptSaved,8633,701154,Kylian Mbappé,81.6966019424,41.7725,45,2.0,True,True,93.7,37.672,33.084999999999994,1.219999994,0.0311913918703794,0.0,RightFoot,RegularPlay,FirstHalf,False,"{'x': 1.2420634920634936, 'y': 0.32275132116402117, 'zoomRatio': 1}",False,False,,Kylian,Mbappé,Kylian Mbappé,#085098,4723900,2025-02-11 20:00:00+00:00,Champions League Final Stage,Manchester City,Real Madrid,2024/2025,2,3,2 - 3,35_ChampR16_shotsMbappeCityMadrid.csv
2775188135,Miss,8633,701154,Kylian Mbappé,92.9,43.8606369379,45,4.0,False,False,,,30.56875,4.2197241432000006,0.0867006704211235,0.0,RightFoot,RegularPlay,FirstHalf,False,"{'x': 1.5507017627098443, 'y': 0.6772486772486772, 'zoomRatio': 0.6066747287557619}",False,True,,Kylian,Mbappé,Kylian Mbappé,#085098,4723900,2025-02-11 20:00:00+00:00,Champions League Final Stage,Manchester City,Real Madrid,2024/2025,2,3,2 - 3,35_ChampR16_shotsMbappeCityMadrid.csv
2775209397,AttemptSaved,8633,701154,Kylian Mbappé,96.2192982446,27.278333333000003,55,,False,True,103.1982758622,32.474999999999994,31.254999999999995,0.8154736802,0.2151239365339279,0.7136256098747253,RightFoot,RegularPlay,SecondHalf,False,"{'x': 1.7261904761904774, 'y': 0.2157337778306878, 'zoomRatio': 1}",False,True,363364.0,Kylian,Mbappé,Kylian Mbappé,#085098,4723900,2025-02-11 20:00:00+00:00,Champions League Final Stage,Manchester City,Real Madrid,2024/2025,2,3,2 - 3,35_ChampR16_shotsMbappeCityMadrid.csv
2775214295,Goal,8633,701154,Kylian Mbappé,97.8596491223,35.9825,60,,False,True,,,32.24625,1.4254736772,0.5297324657440186,0.406460165977478,RightFoot,SetPiece,SecondHalf,False,"{'x': 1.4639550264550256, 'y': 0.3771094384126984, 'zoomRatio': 1}",False,True,363364.0,Kylian,Mbappé,Kylian Mbappé,#085098,4723900,2025-02-11 20:00:00+00:00,Champions League Final Stage,Manchester City,Real Madrid,2024/2025,2,3,2 - 3,35_ChampR16_shotsMbappeCityMadrid.csv
2776435779,AttemptSaved,8633,701154,Kylian Mbappé,98.6315789471,47.3638216529,10,,False,True,102.3448275864,40.217380953,33.466249999999995,0.1219999994,0.0821302607655525,0.1311780214309692,LeftFoot,RegularPlay,FirstHalf,False,"{'x': 1.141203703703705, 'y': 0.032275132116402115, 'zoomRatio': 1}",False,True,683762.0,Kylian,Mbappé,Kylian Mbappé,#085098,4506988,2025-02-15 15:15:00+00:00,LaLiga,Osasuna,Real Madrid,2024/2025,1,1,1 - 1,36_J24_shotsMbappeOsasunaMadrid.csv
2776445441,Goal,8633,701154,Kylian Mbappé,98.3421052628,31.7125,15,,False,True,,,32.0175,1.8685263066,0.1737972497940063,0.7127392888069153,RightFoot,RegularPlay,FirstHalf,False,"{'x': 1.5244708994709, 'y': 0.49431912873015876, 'zoomRatio': 1}",False,True,683762.0,Kylian,Mbappé,Kylian Mbappé,#085098,4506988,2025-02-15 15:15:00+00:00,LaLiga,Osasuna,Real Madrid,2024/2025,1,1,1 - 1,36_J24_shotsMbappeOsasunaMadrid.csv
2776480657,AttemptSaved,8633,701154,Kylian Mbappé,92.9,26.1696875,30,,True,True,94.4824561388,27.194285714000003,34.68625,1.219999994,0.0945891514420509,0.0,RightFoot,RegularPlay,FirstHalf,False,"{'x': 0.8184523809523807, 'y': 0.32275132116402117, 'zoomRatio': 1}",False,True,,Kylian,Mbappé,Kylian Mbappé,#085098,4506988,2025-02-15 15:15:00+00:00,LaLiga,Osasuna,Real Madrid,2024/2025,1,1,1 - 1,36_J24_shotsMbappeOsasunaMadrid.csv
2776493593,AttemptSaved,8633,701154,Kylian Mbappé,76.966504856,46.873375792800005,42,,False,True,103.8620689656,34.533750000000005,33.00875,1.3419999934,0.0179412066936492,0.0268745105713605,RightFoot,RegularPlay,FirstHalf,False,"{'x': 1.26223544973545, 'y': 0.35502645328042326, 'zoomRatio': 1}",False,False,683762.0,Kylian,Mbappé,Kylian Mbappé,#085098,4506988,2025-02-15 15:15:00+00:00,LaLiga,Osasuna,Real Madrid,2024/2025,1,1,1 - 1,36_J24_shotsMbappeOsasunaMadrid.csv
2776547213,AttemptSaved,8633,701154,Kylian Mbappé,88.5,36.5925,48,,True,True,90.2,36.21125,32.779999999999994,1.219999994,0.0502641797065734,0.0,RightFoot,RegularPlay,SecondHalf,False,"{'x': 1.3227513227513243, 'y': 0.32275132116402117, 'zoomRatio': 1}",False,False,,Kylian,Mbappé,Kylian Mbappé,#085098,4506988,2025-02-15 15:15:00+00:00,LaLiga,Osasuna,Real Madrid,2024/2025,1,1,1 - 1,36_J24_shotsMbappeOsasunaMadrid.csv
2776573709,Miss,8633,701154,Kylian Mbappé,99.6896551728,22.247643316,60,,False,False,,,66.032227487,3.0118620704000003,0.0591544806957244,0.0,LeftFoot,RegularPlay,SecondHalf,False,"{'x': 0, 'y': 0.09402599527686104, 'zoomRatio': 0.11800615494298922}",False,True,,Kylian,Mbappé,Kylian Mbappé,#085098,4506988,2025-02-15 15:15:00+00:00,LaLiga,Osasuna,Real Madrid,2024/2025,1,1,1 - 1,36_J24_shotsMbappeOsasunaMadrid.csv
2776604045,Miss,8633,701154,Kylian Mbappé,63.67718447039999,42.813125,73,,False,False,,,26.111875,2.1382105158,0.0138838002458214,0.0,RightFoot,SetPiece,SecondHalf,False,"{'x': 2, 'y': 0.2710670172949845, 'zoomRatio': 0.47920133111480856}",False,False,,Kylian,Mbappé,Kylian Mbappé,#085098,4506988,2025-02-15 15:15:00+00:00,LaLiga,Osasuna,Real Madrid,2024/2025,1,1,1 - 1,36_J24_shotsMbappeOsasunaMadrid.csv
2776625585,AttemptSaved,8633,701154,Kylian Mbappé,97.4736842099,19.8654777098,90,1.0,False,True,101.681034483,26.942142857,33.5425,0.9759999952,0.1028045341372489,0.0798850134015083,RightFoot,FastBreak,SecondHalf,False,"{'x': 1.121031746031747, 'y': 0.2582010569312169, 'zoomRatio': 1}",False,True,683762.0,Kylian,Mbappé,Kylian Mbappé,#085098,4506988,2025-02-15 15:15:00+00:00,LaLiga,Osasuna,Real Madrid,2024/2025,1,1,1 - 1,36_J24_shotsMbappeOsasunaMadrid.csv
2778406301,Goal,8633,701154,Kylian Mbappé,87.31911764680001,28.791190475,4,,False,True,,,37.27875,0.7319999964,0.065118171274662,0.3773030638694763,RightFoot,RegularPlay,FirstHalf,False,"{'x': 0.13260582010581956, 'y': 0.19365079269841268, 'zoomRatio': 1}",False,False,363364.0,Kylian,Mbappé,Kylian Mbappé,#085098,4723901,2025-02-19 20:00:00+00:00,Champions League Final Stage,Real Madrid,Manchester City,2024/2025,3,1,3 - 1,37_ChampsR16_shotsMbappeMadridCity.csv
2778409549,AttemptSaved,8633,701154,Kylian Mbappé,85.4941176464,45.9625477669,19,,True,True,90.4,43.3001273835,34.68625,1.219999994,0.0271790325641632,0.0,RightFoot,RegularPlay,FirstHalf,False,"{'x': 0.8184523809523807, 'y': 0.32275132116402117, 'zoomRatio': 1}",False,False,,Kylian,Mbappé,Kylian Mbappé,#085098,4723901,2025-02-19 20:00:00+00:00,Champions League Final Stage,Real Madrid,Manchester City,2024/2025,3,1,3 - 1,37_ChampsR16_shotsMbappeMadridCity.csv
2778409845,AttemptSaved,8633,701154,Kylian Mbappé,86.0308823524,36.745000000000005,20,,True,True,90.4,36.21125,34.22875,1.219999994,0.0598145313560962,0.0,LeftFoot,RegularPlay,FirstHalf,False,"{'x': 0.9394841269841275, 'y': 0.32275132116402117, 'zoomRatio': 1}",False,False,,Kylian,Mbappé,Kylian Mbappé,#085098,4723901,2025-02-19 20:00:00+00:00,Champions League Final Stage,Real Madrid,Manchester City,2024/2025,3,1,3 - 1,37_ChampsR16_shotsMbappeMadridCity.csv
2778411439,AttemptSaved,8633,701154,Kylian Mbappé,91.3,23.5788535077,29,,False,True,102.8189655174,32.24625,33.00875,1.0979999946,0.0499245747923851,0.0588122718036174,RightFoot,RegularPlay,FirstHalf,False,"{'x': 1.26223544973545, 'y': 0.29047618904761907, 'zoomRatio': 1}",False,True,363364.0,Kylian,Mbappé,Kylian Mbappé,#085098,4723901,2025-02-19 20:00:00+00:00,Champions League Final Stage,Real Madrid,Manchester City,2024/2025,3,1,3 - 1,37_ChampsR16_shotsMbappeMadridCity.csv
2778412123,Goal,8633,701154,Kylian Mbappé,96.9912280694,38.032142859,33,,False,True,,,36.21125,0.4879999976,0.4672138094902038,0.6768049597740173,RightFoot,RegularPlay,FirstHalf,False,"{'x': 0.41501322751322767, 'y': 0.12910052846560846, 'zoomRatio': 1}",False,True,363364.0,Kylian,Mbappé,Kylian Mbappé,#085098,4723901,2025-02-19 20:00:00+00:00,Champions League Final Stage,Real Madrid,Manchester City,2024/2025,3,1,3 - 1,37_ChampsR16_shotsMbappeMadridCity.csv
2778418739,AttemptSaved,8633,701154,Kylian Mbappé,100.4482758624,35.29625000000001,57,,False,True,103.577586207,34.533750000000005,35.448750000000004,0.3659999982,0.5460060834884644,0.7087997794151306,RightFoot,RegularPlay,SecondHalf,False,"{'x': 0.6167328042328032, 'y': 0.09682539634920634, 'zoomRatio': 1}",False,True,363364.0,Kylian,Mbappé,Kylian Mbappé,#085098,4723901,2025-02-19 20:00:00+00:00,Champions League Final Stage,Real Madrid,Manchester City,2024/2025,3,1,3 - 1,37_ChampsR16_shotsMbappeMadridCity.csv
2778419427,Goal,8633,701154,Kylian Mbappé,89.6,21.0565605129,61,,False,True,,,36.51625,0.0385263156,0.0558021999895572,0.0519683845341205,LeftFoot,RegularPlay,SecondHalf,False,"{'x': 0.33432539682539697, 'y': 0.010192146984126984, 'zoomRatio': 1}",False,True,363364.0,Kylian,Mbappé,Kylian Mbappé,#085098,4723901,2025-02-19 20:00:00+00:00,Champions League Final Stage,Real Madrid,Manchester City,2024/2025,3,1,3 - 1,37_ChampsR16_shotsMbappeMadridCity.csv
2780198273,AttemptSaved,8633,701154,Kylian Mbappé,97.3771929818,48.554904456,6,,False,True,103.4827586208,37.78,36.66875,0.6934736808,0.0463797040283679,0.1092294976115226,RightFoot,FastBreak,FirstHalf,False,"{'x': 0.29398148148148073, 'y': 0.18345864571428572, 'zoomRatio': 1}",False,True,278285.0,Kylian,Mbappé,Kylian Mbappé,#085098,4507002,2025-02-23 15:15:00+00:00,LaLiga,Real Madrid,Girona,2024/2025,2,0,2 - 0,38_J25_shotsMbappeMadridGirona.csv
2780225689,AttemptSaved,8633,701154,Kylian Mbappé,84.1742718448,26.6321875,33,,True,True,92.1,29.631666665,33.92375,1.219999994,0.0753848776221275,0.0,RightFoot,RegularPlay,FirstHalf,False,"{'x': 1.0201719576719581, 'y': 0.32275132116402117, 'zoomRatio': 1}",False,False,,Kylian,Mbappé,Kylian Mbappé,#085098,4507002,2025-02-23 15:15:00+00:00,LaLiga,Real Madrid,Girona,2024/2025,2,0,2 - 0,38_J25_shotsMbappeMadridGirona.csv
2780268901,AttemptSaved,8633,701154,Kylian Mbappé,101.8706896554,26.516562500000003,62,,True,True,102.4396551726,27.950714285,32.6275,1.219999994,0.0830708220601081,0.0,RightFoot,RegularPlay,SecondHalf,False,"{'x': 1.3630952380952386, 'y': 0.32275132116402117, 'zoomRatio': 1}",False,True,,Kylian,Mbappé,Kylian Mbappé,#085098,4507002,2025-02-23 15:15:00+00:00,LaLiga,Real Madrid,Girona,2024/2025,2,0,2 - 0,38_J25_shotsMbappeMadridGirona.csv
2780285069,AttemptSaved,8633,701154,Kylian Mbappé,90.9,34.533750000000005,80,,False,True,98.0526315785,34.38125,34.915000000000006,1.1365263102,0.3650836050510406,0.1949790120124817,LeftFoot,RegularPlay,SecondHalf,False,"{'x': 0.7579365079365064, 'y': 0.30066833603174603, 'zoomRatio': 1}",False,True,278285.0,Kylian,Mbappé,Kylian Mbappé,#085098,4507002,2025-02-23 15:15:00+00:00,LaLiga,Real Madrid,Girona,2024/2025,2,0,2 - 0,38_J25_shotsMbappeMadridGirona.csv
2780294309,Miss,8633,701154,Kylian Mbappé,82.4849514568,48.7650955389,90,2.0,False,False,,,36.36375,3.8547586248,0.0192041844129562,0.0,RightFoot,RegularPlay,SecondHalf,False,"{'x': 0.5847090008315057, 'y': 0.6772486772486772, 'zoomRatio': 0.6641142154867928}",False,False,,Kylian,Mbappé,Kylian Mbappé,#085098,4507002,2025-02-23 15:15:00+00:00,LaLiga,Real Madrid,Girona,2024/2025,2,0,2 - 0,38_J25_shotsMbappeMadridGirona.csv
2780294717,AttemptSaved,8633,701154,Kylian Mbappé,93.6,38.620476192,90,3.0,False,True,103.2931034484,35.6775,32.85625,0.160526315,0.2386856973171234,0.3707322776317596,LeftFoot,RegularPlay,SecondHalf,False,"{'x': 1.3025793650793662, 'y': 0.042467279100529096, 'zoomRatio': 1}",False,True,278285.0,Kylian,Mbappé,Kylian Mbappé,#085098,4507002,2025-02-23 15:15:00+00:00,LaLiga,Real Madrid,Girona,2024/2025,2,0,2 - 0,38_J25_shotsMbappeMadridGirona.csv
0,0,0,701154,Kylian Mbappé,0,0,0,0,0,0,0,0,0,0,0,0,0,0,0,0,0,0,0,0,Kylian,Mbappé,Kylian Mbappé,#085098,4731570,2025-02-26 20:30:00+00:00,Copa del Rey,Real Sociedad,Real Madrid,2024/2025,0,1,0 - 1,39_CR4_shotsMbappeSociedadMadrid.csv
0,0,0,701154,Kylian Mbappé,0,0,0,0,0,0,0,0,0,0,0,0,0,0,0,0,0,0,0,0,Kylian,Mbappé,Kylian Mbappé,#085098,4507006,2025-03-01 17:30:00+00:00,LaLiga,Real Betis,Real Madrid,2024/2025,2,1,2 - 1,40_J26_shotsMbappeBetisMadrid.csv
2784075793,AttemptSaved,8633,701154,Kylian Mbappé,76.7412621376,27.866666666,47,,False,True,104.051724138,33.8475,33.77125,0.0834736838,0.0263541396707296,0.0124079519882798,LeftFoot,RegularPlay,SecondHalf,False,"{'x': 1.0605158730158726, 'y': 0.02208298513227513, 'zoomRatio': 1}",False,False,177126.0,Kylian,Mbappé,Kylian Mbappé,#085098,4737550,2025-03-04 20:00:00+00:00,Champions League Final Stage,Real Madrid,Atletico Madrid,2024/2025,2,1,2 - 1,41_ChampR8_shotsMbappeMadridAtletico.csv
2786190893,AttemptSaved,8633,701154,Kylian Mbappé,93.5,43.8606369379,14,,False,True,101.9655172416,37.2025,34.38125,0.5265263132,0.1104745715856552,0.051114447414875,RightFoot,RegularPlay,FirstHalf,False,"{'x': 0.8991402116402113, 'y': 0.13929267544973545, 'zoomRatio': 1}",False,True,621415.0,Kylian,Mbappé,Kylian Mbappé,#085098,4507024,2025-03-09 15:15:00+00:00,LaLiga,Real Madrid,Rayo Vallecano,2024/2025,2,1,2 - 1,42_J27_shotsMbappeMadridRayo.csv
2786204879,Goal,8633,701154,Kylian Mbappé,95.3508771917,44.7014012695,30,,False,True,,,31.4075,0.2054736832,0.1432341188192367,0.7742965221405029,RightFoot,RegularPlay,FirstHalf,False,"{'x': 1.6858465608465611, 'y': 0.05435811724867726, 'zoomRatio': 1}",False,True,621415.0,Kylian,Mbappé,Kylian Mbappé,#085098,4507024,2025-03-09 15:15:00+00:00,LaLiga,Real Madrid,Rayo Vallecano,2024/2025,2,1,2 - 1,42_J27_shotsMbappeMadridRayo.csv
2786209665,AttemptSaved,8633,701154,Kylian Mbappé,91.7,35.29625000000001,35,,False,True,96.4122807008,34.38125,32.779999999999994,0.0385263156,0.5055486559867859,0.4086968898773193,LeftFoot,RegularPlay,FirstHalf,False,"{'x': 1.3227513227513243, 'y': 0.010192146984126984, 'zoomRatio': 1}",False,True,621415.0,Kylian,Mbappé,Kylian Mbappé,#085098,4507024,2025-03-09 15:15:00+00:00,LaLiga,Real Madrid,Rayo Vallecano,2024/2025,2,1,2 - 1,42_J27_shotsMbappeMadridRayo.csv
2786239943,Miss,8633,701154,Kylian Mbappé,92.5,42.00375,54,,False,False,,,37.94809524,0.1797894728,0.0760448351502418,0.0,RightFoot,SetPiece,SecondHalf,False,"{'x': 0, 'y': 0.04553828159424035, 'zoomRatio': 0.9574237119973832}",False,True,,Kylian,Mbappé,Kylian Mbappé,#085098,4507024,2025-03-09 15:15:00+00:00,LaLiga,Real Madrid,Rayo Vallecano,2024/2025,2,1,2 - 1,42_J27_shotsMbappeMadridRayo.csv
2787474263,Goal,8633,701154,Kylian Mbappé,94.0,34.0,120,,False,True,,,31.78875,0.160526315,0.7884,0.7623171210289001,RightFoot,Penalty,PenaltyShootout,False,"{'x': 1.5849867724867723, 'y': 0.042467279100529096, 'zoomRatio': 1}",False,True,177126.0,Kylian,Mbappé,Kylian Mbappé,#085098,4737558,2025-03-12 20:00:00+00:00,Champions League Final Stage,Atletico Madrid,Real Madrid,2024/2025,1,0,1 - 0,43_ChampR8_shotsMbappeAtleticoMadrid.csv
2788593423,Goal,8633,701154,Kylian Mbappé,97.3771929818,28.623095237,17,,False,True,,,33.61875,0.3659999982,0.3111596405506134,0.5347391963005066,RightFoot,RegularPlay,FirstHalf,False,"{'x': 1.1008597883597888, 'y': 0.09682539634920634, 'zoomRatio': 1}",False,True,1022354.0,Kylian,Mbappé,Kylian Mbappé,#085098,4507032,2025-03-15 17:30:00+00:00,LaLiga,Villarreal,Real Madrid,2024/2025,1,2,1 - 2,44_J28_shotsMbappeVillarrealMadrid.csv
2788598567,Goal,8633,701154,Kylian Mbappé,89.3,32.17,23,,False,True,,,30.87375,1.0979999946,0.1108874380588531,0.6603861451148987,RightFoot,RegularPlay,FirstHalf,False,"{'x': 1.8270502645502642, 'y': 0.29047618904761907, 'zoomRatio': 1}",False,True,1022354.0,Kylian,Mbappé,Kylian Mbappé,#085098,4507032,2025-03-15 17:30:00+00:00,LaLiga,Villarreal,Real Madrid,2024/2025,1,2,1 - 2,44_J28_shotsMbappeVillarrealMadrid.csv
2788648655,AttemptSaved,8633,701154,Kylian Mbappé,92.8,30.28,73,,True,True,96.0263157884,31.4075,36.745000000000005,0.3595789456,0.0946453362703323,0.0,RightFoot,RegularPlay,SecondHalf,False,"{'x': 0.2738095238095226, 'y': 0.09512670518518518, 'zoomRatio': 1}",False,True,,Kylian,Mbappé,Kylian Mbappé,#085098,4507032,2025-03-15 17:30:00+00:00,LaLiga,Villarreal,Real Madrid,2024/2025,1,2,1 - 2,44_J28_shotsMbappeVillarrealMadrid.csv
2793092841,AttemptSaved,8633,701154,Kylian Mbappé,84.51213592239999,18.8145222953,5,,True,True,93.2,25.4759375,35.60125,1.219999994,0.0197988227009773,0.0,RightFoot,RegularPlay,FirstHalf,False,"{'x': 0.5763888888888888, 'y': 0.32275132116402117, 'zoomRatio': 1}",False,False,,Kylian,Mbappé,Kylian Mbappé,#085098,4507044,2025-03-29 20:00:00+00:00,LaLiga,Real Madrid,Leganes,2024/2025,3,2,3 - 2,45_J29_shotsMbappeMadridLeganes.csv
2793110631,AttemptSaved,8633,701154,Kylian Mbappé,101.206896552,45.6122292954,25,,False,True,104.4310344828,37.05,34.7625,0.1219999994,0.0349762514233589,0.0648298412561416,LeftFoot,RegularPlay,FirstHalf,False,"{'x': 0.7982804232804226, 'y': 0.032275132116402115, 'zoomRatio': 1}",False,True,280818.0,Kylian,Mbappé,Kylian Mbappé,#085098,4507044,2025-03-29 20:00:00+00:00,LaLiga,Real Madrid,Leganes,2024/2025,3,2,3 - 2,45_J29_shotsMbappeMadridLeganes.csv
2793116477,Goal,8633,701154,Kylian Mbappé,94.0,34.0,32,,False,True,,,34.0,1.219999994,0.7884,0.939979374408722,RightFoot,Penalty,FirstHalf,False,"{'x': 1, 'y': 0.32275132116402117, 'zoomRatio': 1}",False,True,280818.0,Kylian,Mbappé,Kylian Mbappé,#085098,4507044,2025-03-29 20:00:00+00:00,LaLiga,Real Madrid,Leganes,2024/2025,3,2,3 - 2,45_J29_shotsMbappeMadridLeganes.csv
2793128755,AttemptSaved,8633,701154,Kylian Mbappé,85.06470588159999,47.9243312073,45,1.0,False,True,101.4913793106,35.75375,31.4075,0.2825263144,0.024338562041521,0.0683111101388931,RightFoot,RegularPlay,FirstHalf,False,"{'x': 1.6858465608465611, 'y': 0.07474241121693122, 'zoomRatio': 1}",False,False,280818.0,Kylian,Mbappé,Kylian Mbappé,#085098,4507044,2025-03-29 20:00:00+00:00,LaLiga,Real Madrid,Leganes,2024/2025,3,2,3 - 2,45_J29_shotsMbappeMadridLeganes.csv
2793128857,Miss,8633,701154,Kylian Mbappé,100.3534482762,35.29625000000001,45,1.0,False,False,,,40.30142857199999,1.0723157842,0.2397392243146896,0.0,Header,RegularPlay,FirstHalf,False,"{'x': -2.220446049250313e-16, 'y': 0.17017026725729606, 'zoomRatio': 0.5998639763681837}",False,True,,Kylian,Mbappé,Kylian Mbappé,#085098,4507044,2025-03-29 20:00:00+00:00,LaLiga,Real Madrid,Leganes,2024/2025,3,2,3 - 2,45_J29_shotsMbappeMadridLeganes.csv
2793144367,AttemptSaved,8633,701154,Kylian Mbappé,84.286893204,45.5421656011,53,,False,True,102.7241379312,36.21125,35.3725,0.7705263120000001,0.0186249073594808,0.0272564180195331,RightFoot,RegularPlay,SecondHalf,False,"{'x': 0.6369047619047613, 'y': 0.2038429396825397, 'zoomRatio': 1}",False,False,280818.0,Kylian,Mbappé,Kylian Mbappé,#085098,4507044,2025-03-29 20:00:00+00:00,LaLiga,Real Madrid,Leganes,2024/2025,3,2,3 - 2,45_J29_shotsMbappeMadridLeganes.csv
2793148031,AttemptSaved,8633,701154,Kylian Mbappé,87.31911764680001,31.254999999999995,58,,True,True,90.1,32.09375,34.1525,1.219999994,0.0923321023583412,0.0,RightFoot,RegularPlay,SecondHalf,False,"{'x': 0.9596560846560838, 'y': 0.32275132116402117, 'zoomRatio': 1}",False,False,,Kylian,Mbappé,Kylian Mbappé,#085098,4507044,2025-03-29 20:00:00+00:00,LaLiga,Real Madrid,Leganes,2024/2025,3,2,3 - 2,45_J29_shotsMbappeMadridLeganes.csv
2793152383,AttemptSaved,8633,701154,Kylian Mbappé,94.675438595,41.8303125,64,,True,True,98.0526315785,39.292857144,34.38125,1.219999994,0.1583275496959686,0.0,LeftFoot,RegularPlay,SecondHalf,False,"{'x': 0.8991402116402113, 'y': 0.32275132116402117, 'zoomRatio': 1}",False,True,,Kylian,Mbappé,Kylian Mbappé,#085098,4507044,2025-03-29 20:00:00+00:00,LaLiga,Real Madrid,Leganes,2024/2025,3,2,3 - 2,45_J29_shotsMbappeMadridLeganes.csv
2793160351,Goal,8633,701154,Kylian Mbappé,83.6111650488,27.614523809,76,,False,True,,,31.17875,0.5265263132,0.0742225050926208,0.2663126289844513,RightFoot,FreeKick,SecondHalf,False,"{'x': 1.7463624338624355, 'y': 0.13929267544973545, 'zoomRatio': 1}",False,False,280818.0,Kylian,Mbappé,Kylian Mbappé,#085098,4507044,2025-03-29 20:00:00+00:00,LaLiga,Real Madrid,Leganes,2024/2025,3,2,3 - 2,45_J29_shotsMbappeMadridLeganes.csv
2796275713,AttemptSaved,8633,701154,Kylian Mbappé,91.6,44.4211464923,34,,True,True,93.2,43.3701910778,35.90625,1.219999994,0.0241461191326379,0.0,RightFoot,RegularPlay,FirstHalf,False,"{'x': 0.49570105820105825, 'y': 0.32275132116402117, 'zoomRatio': 1}",False,True,,Kylian,Mbappé,Kylian Mbappé,#085098,4507046,2025-04-05 14:15:00+00:00,LaLiga,Real Madrid,Valencia,2024/2025,1,2,1 - 2,46_J30_shotsMbappeMadridValencia.csv
2796278491,AttemptSaved,8633,701154,Kylian Mbappé,83.94902912639999,28.454999999,36,,False,True,104.051724138,34.38125,32.0175,2.0739999898,0.0628731176257133,0.4036338329315185,RightFoot,RegularPlay,FirstHalf,False,"{'x': 1.5244708994709, 'y': 0.5486772459788359, 'zoomRatio': 1}",False,False,948800.0,Kylian,Mbappé,Kylian Mbappé,#085098,4507046,2025-04-05 14:15:00+00:00,LaLiga,Real Madrid,Valencia,2024/2025,1,2,1 - 2,46_J30_shotsMbappeMadridValencia.csv
2796291439,Miss,8633,701154,Kylian Mbappé,88.07058823519999,34.533750000000005,45,3.0,False,False,,,25.0134375,3.9764137976,0.0483636930584907,0.0,RightFoot,RegularPlay,FirstHalf,False,"{'x': 2, 'y': 0.44248440909413367, 'zoomRatio': 0.4206280210035819}",False,False,,Kylian,Mbappé,Kylian Mbappé,#085098,4507046,2025-04-05 14:15:00+00:00,LaLiga,Real Madrid,Valencia,2024/2025,1,2,1 - 2,46_J30_shotsMbappeMadridValencia.csv
2796340453,AttemptSaved,8633,701154,Kylian Mbappé,85.81617647,36.21125,49,,False,True,103.8620689656,34.1525,35.29625000000001,0.5714736814000001,0.0598145313560962,0.0621006675064563,RightFoot,RegularPlay,SecondHalf,False,"{'x': 0.6570767195767175, 'y': 0.15118351359788362, 'zoomRatio': 1}",False,False,948800.0,Kylian,Mbappé,Kylian Mbappé,#085098,4507046,2025-04-05 14:15:00+00:00,LaLiga,Real Madrid,Valencia,2024/2025,1,2,1 - 2,46_J30_shotsMbappeMadridValencia.csv
2796382475,Miss,8633,701154,Kylian Mbappé,94.7719298231,40.049285715,67,,False,False,,,29.967857141,0.3595789456,0.2107684910297393,0.0,RightFoot,RegularPlay,SecondHalf,False,"{'x': 2, 'y': 0.089178126414196, 'zoomRatio': 0.9374667843334954}",False,True,,Kylian,Mbappé,Kylian Mbappé,#085098,4507046,2025-04-05 14:15:00+00:00,LaLiga,Real Madrid,Valencia,2024/2025,1,2,1 - 2,46_J30_shotsMbappeMadridValencia.csv
2796407935,Miss,8633,701154,Kylian Mbappé,87.21176470559999,37.2025,80,,False,False,,,27.362380952,4.7063448344,0.0449118912220001,0.0,RightFoot,RegularPlay,SecondHalf,False,"{'x': 1.9551613573831388, 'y': 0.6772486772486772, 'zoomRatio': 0.5439465423970294}",False,False,,Kylian,Mbappé,Kylian Mbappé,#085098,4507046,2025-04-05 14:15:00+00:00,LaLiga,Real Madrid,Valencia,2024/2025,1,2,1 - 2,46_J30_shotsMbappeMadridValencia.csv
0,0,0,701154,Kylian Mbappé,0,0,0,0,0,0,0,0,0,0,0,0,0,0,0,0,0,0,0,0,Kylian,Mbappé,Kylian Mbappé,#085098,4507059,2025-04-13 14:15:00+00:00,LaLiga,Deportivo Alaves,Real Madrid,2024/2025,0,1,0 - 1,48_J31_shotsMbappeAlavesMadrid.csv
2798325741,AttemptSaved,8633,701154,Kylian Mbappé,75.1645631088,26.942142857,1,,False,True,103.4827586208,33.61875,35.75375,0.449473682,0.0145583013072609,0.034696340560913,RightFoot,IndividualPlay,FirstHalf,False,"{'x': 0.5360449735449745, 'y': 0.11890838148148149, 'zoomRatio': 1}",False,False,562727.0,Kylian,Mbappé,Kylian Mbappé,#085098,4737568,2025-04-08 19:00:00+00:00,Champions League Final Stage,Arsenal,Real Madrid,2024/2025,3,0,3 - 0,47_ChampsR4_shotsMbappeArsenalMadrid.csv
2798353683,AttemptSaved,8633,701154,Kylian Mbappé,97.0877192975,44.5612738809,31,,False,True,103.4827586208,36.745000000000005,33.92375,0.5714736814000001,0.275221437215805,0.109961412847042,RightFoot,FastBreak,FirstHalf,False,"{'x': 1.0201719576719581, 'y': 0.15118351359788362, 'zoomRatio': 1}",False,True,562727.0,Kylian,Mbappé,Kylian Mbappé,#085098,4737568,2025-04-08 19:00:00+00:00,Champions League Final Stage,Arsenal,Real Madrid,2024/2025,3,0,3 - 0,47_ChampsR4_shotsMbappeArsenalMadrid.csv
2798379207,Miss,8633,701154,Kylian Mbappé,101.0172413796,46.0326114612,51,,False,False,,,38.78857143,1.8749473592,0.0443521998822689,0.0,LeftFoot,RegularPlay,SecondHalf,False,"{'x': 0, 'y': 0.3915462861123074, 'zoomRatio': 0.7893794747048395}",False,True,,Kylian,Mbappé,Kylian Mbappé,#085098,4737568,2025-04-08 19:00:00+00:00,Champions League Final Stage,Arsenal,Real Madrid,2024/2025,3,0,3 - 0,47_ChampsR4_shotsMbappeArsenalMadrid.csv
2801968191,Miss,8633,701154,Kylian Mbappé,78.9936893216,51.7778343938,31,,False,False,,,28.37095238,3.0118620704000003,0.0171659253537654,0.0,RightFoot,RegularPlay,FirstHalf,False,"{'x': 2, 'y': 0.5350571311031125, 'zoomRatio': 0.6715167920359508}",False,False,,Kylian,Mbappé,Kylian Mbappé,#085098,4737572,2025-04-16 19:00:00+00:00,Champions League Final Stage,Real Madrid,Arsenal,2024/2025,1,2,1 - 2,49_ChampsR4_shotsMbappeMadridArsenal.csv
2801978389,Miss,8633,701154,Kylian Mbappé,97.7631578942,30.268,54,,False,False,,,35.3725,5.0626206976,0.0702062547206878,0.0,Header,FromCorner,SecondHalf,False,"{'x': 0.816394736037708, 'y': 0.6772486772486772, 'zoomRatio': 0.5056669564863117}",False,True,,Kylian,Mbappé,Kylian Mbappé,#085098,4737572,2025-04-16 19:00:00+00:00,Champions League Final Stage,Real Madrid,Arsenal,2024/2025,1,2,1 - 2,49_ChampsR4_shotsMbappeMadridArsenal.csv
0,0,0,701154,Kylian Mbappé,0,0,0,0,0,0,0,0,0,0,0,0,0,0,0,0,0,0,0,0,Kylian,Mbappé,Kylian Mbappé,#085098,4507069,2025-04-20 19:00:00+00:00,LaLiga,Real Madrid,Athletic Club,2024/2025,1,0,1 - 0,50_J32_shotsMbappeMadridAthletic.csv
0,0,0,701154,Kylian Mbappé,0.0,0.0,0,0.0,0,0,0.0,0.0,0.0,0.0,0.0,0.0,0,0,0,0,0,0,0,0.0,Kylian,Mbappé,Kylian Mbappé,#085098,4507081,2025-04-23 19:30:00+00:00,LaLiga,Getafe,Real Madrid,2024/2025,0,1,0 - 1,51_J33_shotsMbappeGetafeMadrid.csv
2806657417,AttemptSaved,8633,701154,Kylian Mbappé,101.206896552,44.91159235240001,54,,0,1,102.4396551726,41.7725,36.21125,0.2825263144,0.0687253251671791,0.1713429540395736,LeftFoot,RegularPlay,SecondHalf,0,"{'x': 0.41501322751322767, 'y': 0.07474241121693122, 'zoomRatio': 1}",0,1,169718.0,Kylian,Mbappé,Kylian Mbappé,#085098,4731604,2025-04-26 20:00:00+00:00,Copa del Rey,Barcelona,Real Madrid,2024/2025,3,2,3 - 2,52_CRfinal_shotsMbappeBarcelonaMadrid.csv
2806663023,AttemptSaved,8633,701154,Kylian Mbappé,96.4122807008,19.0947770725,62,,1,1,97.7631578942,21.1966879015,32.39875,1.219999994,0.0168267674744129,0.0,RightFoot,ThrowInSetPiece,SecondHalf,0,"{'x': 1.4236111111111112, 'y': 0.32275132116402117, 'zoomRatio': 1}",0,1,,Kylian,Mbappé,Kylian Mbappé,#085098,4731604,2025-04-26 20:00:00+00:00,Copa del Rey,Barcelona,Real Madrid,2024/2025,3,2,3 - 2,52_CRfinal_shotsMbappeBarcelonaMadrid.csv
2806667383,Goal,8633,701154,Kylian Mbappé,83.38592233039999,34.0,70,,0,1,,,36.97375,0.5265263132,0.1206357702612876,0.4339979887008667,RightFoot,FreeKick,SecondHalf,0,"{'x': 0.21329365079365015, 'y': 0.13929267544973545, 'zoomRatio': 1}",0,0,169718.0,Kylian,Mbappé,Kylian Mbappé,#085098,4731604,2025-04-26 20:00:00+00:00,Copa del Rey,Barcelona,Real Madrid,2024/2025,3,2,3 - 2,52_CRfinal_shotsMbappeBarcelonaMadrid.csv
2810190553,Goal,8633,701154,Kylian Mbappé,89.5,22.3877707046,39,,False,True,,,35.9825,1.3805263090000002,0.0583980493247509,0.1961347758769989,RightFoot,FastBreak,FirstHalf,False,"{'x': 0.47552910052910013, 'y': 0.3652186002645503, 'zoomRatio': 1}",False,True,109222.0,Kylian,Mbappé,Kylian Mbappé,#085098,4507092,2025-05-04 12:00:00+00:00,LaLiga,Real Madrid,Celta Vigo,2024/2025,3,2,3 - 2,53_J34_shotsMbappeMadridCelta.csv
2810221075,Goal,8633,701154,Kylian Mbappé,96.0263157884,41.54125,48,,False,True,,,32.24625,0.2054736832,0.4188739657402038,0.5217879414558411,LeftFoot,RegularPlay,SecondHalf,False,"{'x': 1.4639550264550256, 'y': 0.05435811724867726, 'zoomRatio': 1}",False,True,109222.0,Kylian,Mbappé,Kylian Mbappé,#085098,4507092,2025-05-04 12:00:00+00:00,LaLiga,Real Madrid,Celta Vigo,2024/2025,3,2,3 - 2,53_J34_shotsMbappeMadridCelta.csv
2810250141,AttemptSaved,8633,701154,Kylian Mbappé,78.2053398072,43.16,63,,True,True,86.5676470584,40.46952381,32.9325,1.219999994,0.0375570133328437,0.0,RightFoot,FreeKick,SecondHalf,False,"{'x': 1.282407407407408, 'y': 0.32275132116402117, 'zoomRatio': 1}",False,False,,Kylian,Mbappé,Kylian Mbappé,#085098,4507092,2025-05-04 12:00:00+00:00,LaLiga,Real Madrid,Celta Vigo,2024/2025,3,2,3 - 2,53_J34_shotsMbappeMadridCelta.csv
2810297853,Miss,8633,701154,Kylian Mbappé,96.2192982446,23.648917202,90,3.0,False,False,,,33.00875,3.4984827616,0.0931771546602249,0.0,RightFoot,RegularPlay,SecondHalf,False,"{'x': 1.191889683919931, 'y': 0.6772486772486772, 'zoomRatio': 0.7317457807993334}",False,True,,Kylian,Mbappé,Kylian Mbappé,#085098,4507092,2025-05-04 12:00:00+00:00,LaLiga,Real Madrid,Celta Vigo,2024/2025,3,2,3 - 2,53_J34_shotsMbappeMadridCelta.csv
2813576067,Goal,8633,701154,Kylian Mbappé,94.0,34.0,5,,False,True,,,36.2875,0.2054736832,0.7884,0.779940664768219,RightFoot,Penalty,FirstHalf,False,"{'x': 0.39484126984126955, 'y': 0.05435811724867726, 'zoomRatio': 1}",False,True,169718.0,Kylian,Mbappé,Kylian Mbappé,#085098,4507097,2025-05-11 14:15:00+00:00,LaLiga,Barcelona,Real Madrid,2024/2025,4,3,4 - 3,54_J35_shotsMbappeBarcelonaMadrid.csv
2813582147,Goal,8633,701154,Kylian Mbappé,91.3,37.684,14,,False,True,,,33.466249999999995,0.4879999976,0.5787283182144165,0.308589369058609,RightFoot,FastBreak,FirstHalf,False,"{'x': 1.141203703703705, 'y': 0.12910052846560846, 'zoomRatio': 1}",False,True,169718.0,Kylian,Mbappé,Kylian Mbappé,#085098,4507097,2025-05-11 14:15:00+00:00,LaLiga,Barcelona,Real Madrid,2024/2025,4,3,4 - 3,54_J35_shotsMbappeBarcelonaMadrid.csv
2813635575,Miss,8633,701154,Kylian Mbappé,96.3157894727,48.905222927500006,56,,False,False,,,29.547619046,0.8925263114,0.0330553241074085,0.0,RightFoot,FastBreak,SecondHalf,False,"{'x': 2, 'y': 0.20046045489395029, 'zoomRatio': 0.8489839569105302}",False,True,,Kylian,Mbappé,Kylian Mbappé,#085098,4507097,2025-05-11 14:15:00+00:00,LaLiga,Barcelona,Real Madrid,2024/2025,4,3,4 - 3,54_J35_shotsMbappeBarcelonaMadrid.csv
2813648041,Goal,8633,701154,Kylian Mbappé,97.6666666661,37.27875,70,,False,True,,,34.838750000000005,0.6099999970000001,0.6204448342323303,0.5708761215209961,LeftFoot,FastBreak,SecondHalf,False,"{'x': 0.7781084656084645, 'y': 0.16137566058201058, 'zoomRatio': 1}",False,True,169718.0,Kylian,Mbappé,Kylian Mbappé,#085098,4507097,2025-05-11 14:15:00+00:00,LaLiga,Barcelona,Real Madrid,2024/2025,4,3,4 - 3,54_J35_shotsMbappeBarcelonaMadrid.csv
2813663761,AttemptSaved,8633,701154,Kylian Mbappé,87.31911764680001,44.9816560467,90,1.0,False,True,99.0175438595,37.708,33.161249999999995,0.1219999994,0.109806478023529,0.0610210373997688,RightFoot,FastBreak,SecondHalf,False,"{'x': 1.2218915343915355, 'y': 0.032275132116402115, 'zoomRatio': 1}",False,False,169718.0,Kylian,Mbappé,Kylian Mbappé,#085098,4507097,2025-05-11 14:15:00+00:00,LaLiga,Barcelona,Real Madrid,2024/2025,4,3,4 - 3,54_J35_shotsMbappeBarcelonaMadrid.csv
2814790719,AttemptSaved,8633,701154,Kylian Mbappé,83.94902912639999,30.22,1,,True,True,86.4602941172,30.244,31.02625,1.219999994,0.0299326423555612,0.0,RightFoot,RegularPlay,FirstHalf,False,"{'x': 1.7867063492063497, 'y': 0.32275132116402117, 'zoomRatio': 1}",False,False,,Kylian,Mbappé,Kylian Mbappé,#085098,4507113,2025-05-14 19:30:00+00:00,LaLiga,Real Madrid,Mallorca,2024/2025,2,1,2 - 1,55_J36_shotsMbappeMadridMallorca.csv
2814809897,Miss,8633,701154,Kylian Mbappé,90.8,47.2937579586,36,,False,False,,,26.942142857,5.0626206976,0.036817517131567,0.0,RightFoot,RegularPlay,FirstHalf,False,"{'x': 1.944160090162959, 'y': 0.6772486772486772, 'zoomRatio': 0.5056669564863117}",False,True,,Kylian,Mbappé,Kylian Mbappé,#085098,4507113,2025-05-14 19:30:00+00:00,LaLiga,Real Madrid,Mallorca,2024/2025,2,1,2 - 1,55_J36_shotsMbappeMadridMallorca.csv
2814812721,AttemptSaved,8633,701154,Kylian Mbappé,78.3179611664,46.5931210156,41,,False,True,103.577586207,34.533750000000005,31.559999999999995,0.2439999988,0.0191209781914949,0.0513107292354106,RightFoot,FromCorner,FirstHalf,False,"{'x': 1.6455026455026467, 'y': 0.06455026423280423, 'zoomRatio': 1}",False,False,1187702.0,Kylian,Mbappé,Kylian Mbappé,#085098,4507113,2025-05-14 19:30:00+00:00,LaLiga,Real Madrid,Mallorca,2024/2025,2,1,2 - 1,55_J36_shotsMbappeMadridMallorca.csv
2814822245,AttemptSaved,8633,701154,Kylian Mbappé,80.5703883504,38.032142859,47,,True,True,84.62475728160001,37.672,32.39875,1.219999994,0.027268461883068,0.0,RightFoot,RegularPlay,SecondHalf,False,"{'x': 1.4236111111111112, 'y': 0.32275132116402117, 'zoomRatio': 1}",False,False,,Kylian,Mbappé,Kylian Mbappé,#085098,4507113,2025-05-14 19:30:00+00:00,LaLiga,Real Madrid,Mallorca,2024/2025,2,1,2 - 1,55_J36_shotsMbappeMadridMallorca.csv
2814823931,AttemptSaved,8633,701154,Kylian Mbappé,88.28529411759999,46.2428025441,51,,True,True,90.0,45.05171974100001,34.0,1.219999994,0.0224130563437938,0.0,RightFoot,RegularPlay,SecondHalf,False,"{'x': 1, 'y': 0.32275132116402117, 'zoomRatio': 1}",False,False,,Kylian,Mbappé,Kylian Mbappé,#085098,4507113,2025-05-14 19:30:00+00:00,LaLiga,Real Madrid,Mallorca,2024/2025,2,1,2 - 1,55_J36_shotsMbappeMadridMallorca.csv
2814828137,Miss,8633,701154,Kylian Mbappé,86.4602941172,43.7905732436,67,,False,False,,,33.39,5.0626206976,0.0137722818180918,0.0,LeftFoot,FromCorner,SecondHalf,False,"{'x': 1.0816023395387961, 'y': 0.6772486772486772, 'zoomRatio': 0.5056669564863117}",False,False,,Kylian,Mbappé,Kylian Mbappé,#085098,4507113,2025-05-14 19:30:00+00:00,LaLiga,Real Madrid,Mallorca,2024/2025,2,1,2 - 1,55_J36_shotsMbappeMadridMallorca.csv
2814828421,Goal,8633,701154,Kylian Mbappé,95.5438596479,40.553571429,68,,False,True,,,35.90625,0.0834736838,0.2199106067419052,0.3389343619346618,RightFoot,RegularPlay,SecondHalf,False,"{'x': 0.49570105820105825, 'y': 0.02208298513227513, 'zoomRatio': 1}",False,True,1187702.0,Kylian,Mbappé,Kylian Mbappé,#085098,4507113,2025-05-14 19:30:00+00:00,LaLiga,Real Madrid,Mallorca,2024/2025,2,1,2 - 1,55_J36_shotsMbappeMadridMallorca.csv
2814830773,AttemptSaved,8633,701154,Kylian Mbappé,93.9,44.8415286581,86,,False,True,102.0603448278,37.27875,34.22875,1.219999994,0.0818324834108352,0.0,RightFoot,FromCorner,SecondHalf,False,"{'x': 0.9394841269841275, 'y': 0.32275132116402117, 'zoomRatio': 1}",True,True,,Kylian,Mbappé,Kylian Mbappé,#085098,4507113,2025-05-14 19:30:00+00:00,LaLiga,Real Madrid,Mallorca,2024/2025,2,1,2 - 1,55_J36_shotsMbappeMadridMallorca.csv
2814831291,Miss,8633,701154,Kylian Mbappé,92.1,41.057857143,90,1.0,False,False,99.0175438595,41.3678125,43.3701910778,0.7127368386,0.062186524271965,0.0,LeftFoot,FromCorner,SecondHalf,False,"{'x': 0, 'y': 0.07606428008588074, 'zoomRatio': 0.4034069282701858}",False,True,,Kylian,Mbappé,Kylian Mbappé,#085098,4507113,2025-05-14 19:30:00+00:00,LaLiga,Real Madrid,Mallorca,2024/2025,2,1,2 - 1,55_J36_shotsMbappeMadridMallorca.csv
2818225061,AttemptSaved,8633,701154,Kylian Mbappé,97.4736842099,28.202857142,7,,False,True,100.6379310348,30.244,33.00875,0.449473682,0.570186972618103,0.3473314046859741,RightFoot,FastBreak,FirstHalf,False,"{'x': 1.26223544973545, 'y': 0.11890838148148149, 'zoomRatio': 1}",False,True,1217043.0,Kylian,Mbappé,Kylian Mbappé,#085098,4507128,2025-05-24 14:15:00+00:00,LaLiga,Real Madrid,Real Sociedad,2024/2025,2,0,2 - 0,57_J38_shotsMbappeMadridSociedad.csv
2818225537,Miss,8633,701154,Kylian Mbappé,100.0689655176,46.873375792800005,7,,False,False,101.8706896554,39.124761906,25.53375,1.2456842044,0.0429516993463039,0.0,LeftFoot,FromCorner,FirstHalf,False,"{'x': 2, 'y': 0.14713529654805843, 'zoomRatio': 0.446478665288646}",False,True,,Kylian,Mbappé,Kylian Mbappé,#085098,4507128,2025-05-24 14:15:00+00:00,LaLiga,Real Madrid,Real Sociedad,2024/2025,2,0,2 - 0,57_J38_shotsMbappeMadridSociedad.csv
2818229803,Miss,8633,701154,Kylian Mbappé,95.3508771917,41.3678125,13,,False,False,,,30.22,6.1488275976,0.4213412702083587,0.0,RightFoot,RegularPlay,FirstHalf,False,"{'x': 1.4163395312952367, 'y': 0.6772486772486772, 'zoomRatio': 0.41633953129523665}",False,True,,Kylian,Mbappé,Kylian Mbappé,#085098,4507128,2025-05-24 14:15:00+00:00,LaLiga,Real Madrid,Real Sociedad,2024/2025,2,0,2 - 0,57_J38_shotsMbappeMadridSociedad.csv
2818252531,AttemptSaved,8633,701154,Kylian Mbappé,94.0,34.0,38,,False,True,104.9051724138,34.0,35.448750000000004,0.4045263138,0.7884,0.7480037212371826,RightFoot,Penalty,FirstHalf,False,"{'x': 0.6167328042328032, 'y': 0.10701754333333334, 'zoomRatio': 1}",False,True,1217043.0,Kylian,Mbappé,Kylian Mbappé,#085098,4507128,2025-05-24 14:15:00+00:00,LaLiga,Real Madrid,Real Sociedad,2024/2025,2,0,2 - 0,57_J38_shotsMbappeMadridSociedad.csv
2818252565,Goal,8633,701154,Kylian Mbappé,97.6666666661,35.83,38,,False,True,,,34.4575,0.5265263132,0.7063644528388977,0.4992735087871551,RightFoot,SetPiece,FirstHalf,False,"{'x': 0.8789682539682532, 'y': 0.13929267544973545, 'zoomRatio': 1}",False,True,1217043.0,Kylian,Mbappé,Kylian Mbappé,#085098,4507128,2025-05-24 14:15:00+00:00,LaLiga,Real Madrid,Real Sociedad,2024/2025,2,0,2 - 0,57_J38_shotsMbappeMadridSociedad.csv
2818273229,Miss,8633,701154,Kylian Mbappé,94.675438595,46.312866238400005,51,,False,False,,,34.838750000000005,3.9764137976,0.0292104035615921,0.0,LeftFoot,RegularPlay,SecondHalf,False,"{'x': 0.8571470785094906, 'y': 0.6772486772486772, 'zoomRatio': 0.6437961767321879}",False,True,,Kylian,Mbappé,Kylian Mbappé,#085098,4507128,2025-05-24 14:15:00+00:00,LaLiga,Real Madrid,Real Sociedad,2024/2025,2,0,2 - 0,57_J38_shotsMbappeMadridSociedad.csv
2818298615,AttemptSaved,8633,701154,Kylian Mbappé,84.85,38.116190478,79,,False,True,104.051724138,33.695,30.645,0.2825263144,0.0321727357804775,0.5144729614257812,RightFoot,RegularPlay,SecondHalf,False,"{'x': 1.8875661375661386, 'y': 0.07474241121693122, 'zoomRatio': 1}",False,False,1217043.0,Kylian,Mbappé,Kylian Mbappé,#085098,4507128,2025-05-24 14:15:00+00:00,LaLiga,Real Madrid,Real Sociedad,2024/2025,2,0,2 - 0,57_J38_shotsMbappeMadridSociedad.csv
2818300711,Goal,8633,701154,Kylian Mbappé,97.4736842099,44.5612738809,83,,False,True,,,36.8975,0.1219999994,0.0860801711678505,0.316690593957901,LeftFoot,RegularPlay,SecondHalf,False,"{'x': 0.23346560846560827, 'y': 0.032275132116402115, 'zoomRatio': 1}",False,True,1217043.0,Kylian,Mbappé,Kylian Mbappé,#085098,4507128,2025-05-24 14:15:00+00:00,LaLiga,Real Madrid,Real Sociedad,2024/2025,2,0,2 - 0,57_J38_shotsMbappeMadridSociedad.csv
2816697967,AttemptSaved,8633,701154,Kylian Mbappé,84.1742718448,51.21732483940001,36,,True,True,87.31911764680001,48.6950318446,32.9325,1.219999994,0.0167038962244987,0.0,RightFoot,RegularPlay,FirstHalf,False,"{'x': 1.282407407407408, 'y': 0.32275132116402117, 'zoomRatio': 1}",False,False,,Kylian,Mbappé,Kylian Mbappé,#085098,4507122,2025-05-18 17:00:00+00:00,LaLiga,Sevilla,Real Madrid,2024/2025,0,2,0 - 2,56_J37_shotsMbappeSevillaMadrid.csv
2816705223,Miss,8633,701154,Kylian Mbappé,94.0964912264,39.545000001,43,,False,False,,,28.707142856,0.3595789456,0.3846507668495178,0.0,RightFoot,FastBreak,FirstHalf,False,"{'x': 2, 'y': 0.06793664287871819, 'zoomRatio': 0.7141700403316238}",False,True,,Kylian,Mbappé,Kylian Mbappé,#085098,4507122,2025-05-18 17:00:00+00:00,LaLiga,Sevilla,Real Madrid,2024/2025,0,2,0 - 2,56_J37_shotsMbappeSevillaMadrid.csv
2816730223,AttemptSaved,8633,701154,Kylian Mbappé,84.51213592239999,43.5803821607,56,,True,True,86.0308823524,42.813125,34.305,1.0723157842,0.0352640710771083,0.0,RightFoot,FastBreak,SecondHalf,False,"{'x': 0.9193121693121694, 'y': 0.2836814243915344, 'zoomRatio': 1}",False,False,,Kylian,Mbappé,Kylian Mbappé,#085098,4507122,2025-05-18 17:00:00+00:00,LaLiga,Sevilla,Real Madrid,2024/2025,0,2,0 - 2,56_J37_shotsMbappeSevillaMadrid.csv
2816734931,AttemptSaved,8633,701154,Kylian Mbappé,77.6422330112,33.77125,63,,True,True,85.17205882280001,33.695,33.31375,1.4254736772,0.024996381253004,0.0,RightFoot,FromCorner,SecondHalf,False,"{'x': 1.1815476190476193, 'y': 0.3771094384126984, 'zoomRatio': 1}",False,False,,Kylian,Mbappé,Kylian Mbappé,#085098,4507122,2025-05-18 17:00:00+00:00,LaLiga,Sevilla,Real Madrid,2024/2025,0,2,0 - 2,56_J37_shotsMbappeSevillaMadrid.csv
2816740943,Post,8633,701154,Kylian Mbappé,96.1228070165,46.8033120985,71,,False,False,,,32.24625,2.476,0.047853372991085,0.0,RightFoot,RegularPlay,SecondHalf,False,"{'x': 1.4639550264550256, 'y': 0.655026455026455, 'zoomRatio': 1}",False,True,73409.0,Kylian,Mbappé,Kylian Mbappé,#085098,4507122,2025-05-18 17:00:00+00:00,LaLiga,Sevilla,Real Madrid,2024/2025,0,2,0 - 2,56_J37_shotsMbappeSevillaMadrid.csv
2816743725,Goal,8633,701154,Kylian Mbappé,80.68300970960001,21.4769426787,75,,False,True,,,36.821250000000006,0.2054736832,0.0358355194330215,0.1728400737047195,RightFoot,RegularPlay,SecondHalf,False,"{'x': 0.2536375661375645, 'y': 0.05435811724867726, 'zoomRatio': 1}",False,False,73409.0,Kylian,Mbappé,Kylian Mbappé,#085098,4507122,2025-05-18 17:00:00+00:00,LaLiga,Sevilla,Real Madrid,2024/2025,0,2,0 - 2,56_J37_shotsMbappeSevillaMadrid.csv
2816750677,AttemptSaved,8633,701154,Kylian Mbappé,85.9235294112,49.605859870500005,84,,False,True,102.8189655174,35.6775,31.78875,0.6099999970000001,0.0377567969262599,0.0716131329536438,RightFoot,FastBreak,SecondHalf,False,"{'x': 1.5849867724867723, 'y': 0.16137566058201058, 'zoomRatio': 1}",False,False,73409.0,Kylian,Mbappé,Kylian Mbappé,#085098,4507122,2025-05-18 17:00:00+00:00,LaLiga,Sevilla,Real Madrid,2024/2025,0,2,0 - 2,56_J37_shotsMbappeSevillaMadrid.csv
